# Blender 5.2.0 LTS
# www.blender.org
mtllib light fifty body1234.mtl
o light_fifty_body_up
v -2.298209 0.462708 0.200000
v -2.180391 0.574708 0.344000
v -2.298209 0.574708 0.200000
v -2.180391 0.462708 0.344000
v -2.180391 0.574708 0.056000
v -2.180391 0.462708 0.056000
v -2.361117 0.597908 0.056000
v -2.361117 0.439508 0.056000
v -2.481791 0.439508 0.200000
v -2.481791 0.597908 0.200000
v -2.481791 0.597908 0.200000
v -2.481791 0.439508 0.200000
v -2.361117 0.439508 0.344000
v -2.361117 0.597908 0.344000
v 2.729487 0.375880 0.200000
v 2.704213 0.276164 0.300421
v 2.704213 0.276164 0.200000
v 2.729487 0.375880 0.327014
v 2.704213 0.276164 0.099579
v 2.729487 0.375880 0.200000
v 2.729487 0.375880 0.072986
v 2.729487 0.375880 0.072986
v 2.781791 0.521586 0.200000
v 2.729487 0.375880 0.200000
v 2.781791 0.521586 0.070012
v 2.781791 0.521586 0.200000
v 2.729487 0.375880 0.327014
v 2.781791 0.521586 0.329988
v 2.765701 0.611647 0.105668
v 2.781791 0.521586 0.200000
v 2.781791 0.521586 0.070012
v 2.765701 0.611647 0.200000
v 2.765701 0.611647 0.294332
v 2.781791 0.521586 0.200000
v 2.781791 0.521586 0.329988
v 2.704213 0.276164 0.200000
v 2.707694 0.176448 0.286828
v 2.707694 0.176448 0.200000
v 2.704213 0.276164 0.300421
v 2.707694 0.176448 0.113172
v 2.704213 0.276164 0.200000
v 2.704213 0.276164 0.099579
v 2.707694 0.176448 0.200000
v 2.730335 0.107170 0.284746
v 2.730335 0.107170 0.200000
v 2.707694 0.176448 0.286828
v 2.730335 0.107170 0.115254
v 2.707694 0.176448 0.200000
v 2.707694 0.176448 0.113172
v -1.024124 0.610736 0.137016
v -1.024124 0.610736 0.262208
v -1.024124 0.658008 0.229270
v -1.024124 0.642373 0.267675
v -1.024124 0.658008 0.169954
v -1.024124 0.642373 0.131548
v 2.706634 0.023846 0.115739
v 2.730335 0.107170 0.200000
v 2.706634 0.023846 0.200000
v 2.730335 0.107170 0.115254
v 2.706634 0.023846 0.284261
v 2.730335 0.107170 0.284746
v 2.629964 0.003551 0.116223
v 2.706634 0.023846 0.115739
v 2.629964 0.003551 0.200000
v 2.561791 -0.000990 0.116223
v 2.561791 -0.000990 0.200000
v 2.629964 0.003551 0.283777
v 2.706634 0.023846 0.284261
v 2.561791 -0.000990 0.283777
v -0.893402 0.388511 0.146242
v -0.893402 0.306849 0.200000
v -0.893402 0.407705 0.200000
v -0.893402 0.334849 0.116000
v -0.893402 0.431180 0.146158
v -0.893402 0.388511 0.253758
v -0.893402 0.431180 0.253842
v -0.893402 0.334849 0.284000
v -0.543402 0.388511 0.146242
v -0.543402 0.306849 0.200000
v -0.543402 0.407705 0.200000
v -0.543402 0.334849 0.116000
v -0.543402 0.431180 0.146158
v -0.543402 0.388511 0.253758
v -0.543402 0.431180 0.253842
v -0.543402 0.334849 0.284000
v 1.803627 1.010327 0.244617
v 1.803627 1.069031 0.244617
v 1.803627 1.069031 0.260457
v 1.803627 1.010327 0.260457
v 1.803627 1.010327 0.139542
v 1.803627 1.069031 0.139542
v 1.803627 1.069031 0.155383
v 1.803627 1.010327 0.155383
v 2.704425 0.649021 0.200000
v 2.765701 0.611647 0.294332
v 2.765701 0.611647 0.200000
v 2.765701 0.611647 0.105668
v -0.102910 1.069031 0.139543
v -0.102910 1.010327 0.139543
v -0.102910 1.010327 0.155383
v -0.102910 1.069031 0.155383
v -0.102910 1.069031 0.244617
v -0.102910 1.010327 0.244617
v -0.102910 1.010327 0.260458
v -0.102910 1.069031 0.260458
v 1.425447 0.610736 0.262208
v 1.425447 0.658008 0.229270
v 1.425447 0.642373 0.267675
v 1.425447 0.610736 0.137016
v 1.425447 0.658008 0.169954
v 1.425447 0.642373 0.131548
v 1.252437 0.943151 0.099900
v 1.252437 0.840191 0.300100
v 1.252437 0.840191 0.099900
v 1.252437 0.943151 0.300100
v 1.252437 1.000351 0.230030
v 1.252437 0.943151 0.099900
v 1.252437 1.000351 0.169970
v 1.252437 0.943151 0.300100
v 1.252437 0.828751 0.099900
v 1.252437 0.828751 0.300100
v 1.252437 0.785851 0.099900
v 1.252437 0.785851 0.300100
v 1.252437 0.752484 0.133267
v 1.252437 0.752484 0.266733
v 1.252437 0.785851 0.099900
v 1.252437 0.752484 0.266733
v 1.252437 0.719118 0.133267
v 1.252437 0.719118 0.266733
v 1.252437 0.685751 0.099900
v 1.252437 0.685751 0.300100
v 1.252437 0.719118 0.133267
v 1.252437 0.685751 0.099900
v 1.252437 0.685751 0.300100
v 1.252437 0.602742 0.116711
v 1.252437 0.602742 0.283289
v -0.543402 0.334849 0.116000
v -0.459402 0.334849 0.116000
v -0.459402 0.306849 0.200000
v -0.543402 0.306849 0.200000
v -0.459402 0.334849 0.284000
v -0.543402 0.334849 0.284000
v -0.893402 0.334849 0.116000
v -0.809402 0.334849 0.116000
v -0.809402 0.306849 0.200000
v -0.893402 0.306849 0.200000
v -0.809402 0.334849 0.284000
v -0.893402 0.334849 0.284000
v 1.129915 0.945646 0.297044
v 1.129915 0.945646 0.102956
v 1.129915 0.982826 0.148447
v 1.129915 0.982826 0.251553
v 1.252437 0.828751 0.300100
v 1.252437 0.828751 0.099900
v 1.244269 0.834471 0.109910
v 1.244269 0.834471 0.290090
v 0.994941 0.996137 0.295886
v 1.037841 0.900251 0.104114
v 0.994941 0.996137 0.104114
v 1.037841 0.900251 0.295886
v 1.037841 0.836642 0.104114
v 1.037841 0.836642 0.295886
v -2.187484 0.439508 0.200000
v -2.147780 0.439508 0.056000
v -2.111898 0.439508 0.109804
v -2.361117 0.439508 0.056000
v -2.481791 0.439508 0.200000
v -2.361117 0.439508 0.344000
v -2.147780 0.439508 0.344000
v -2.111898 0.439508 0.290196
v 0.859672 1.100990 0.146317
v 0.967039 1.100990 0.146317
v 0.913355 1.100990 0.124080
v 0.989275 1.100990 0.200000
v 0.837436 1.100990 0.200000
v 0.859672 1.100990 0.253683
v 0.967039 1.100990 0.253683
v 0.913355 1.100990 0.275920
v 1.252437 0.840191 0.099900
v 1.244269 0.834471 0.290090
v 1.244269 0.834471 0.109910
v 1.252437 0.840191 0.300100
v 0.954650 1.038070 0.241295
v 0.913355 1.038070 0.258400
v 0.913355 1.030402 0.271377
v 0.963827 1.030402 0.250471
v 0.971755 1.038070 0.200000
v 0.984733 1.030402 0.200000
v 0.954650 1.038070 0.158705
v 0.963827 1.030401 0.149528
v 0.913355 1.030401 0.128622
v 0.913355 1.038070 0.141600
v 0.862884 1.030402 0.149528
v 0.872060 1.038070 0.158705
v 0.841978 1.030402 0.200000
v 0.854956 1.038070 0.200000
v 0.872060 1.038070 0.241295
v 0.862884 1.030402 0.250471
v 0.913355 1.038070 0.258400
v 0.913355 1.030402 0.271377
v 0.862884 0.950723 0.069850
v 0.913355 0.971628 0.141390
v 0.913355 0.971628 0.069850
v 0.862884 0.950723 0.141390
v 0.841978 0.900251 0.069850
v 0.841978 0.900251 0.141390
v 0.862884 0.849780 0.069850
v 0.862884 0.849780 0.141390
v 0.913355 0.828874 0.069850
v 0.913355 0.828874 0.141390
v 0.963827 0.849780 0.069850
v 0.963827 0.849780 0.141390
v 0.984733 0.900251 0.069850
v 0.984733 0.900251 0.141390
v 0.963827 0.950723 0.069850
v 0.963827 0.950723 0.141390
v 0.913355 0.971628 0.069850
v 0.913355 0.971628 0.141390
v 0.971755 1.062380 0.200000
v 0.954650 1.038070 0.241295
v 0.971755 1.038070 0.200000
v 0.954650 1.062380 0.241295
v 0.913355 1.038070 0.258400
v 0.913355 1.062380 0.258400
v 0.954650 1.062380 0.158705
v 0.954650 1.038070 0.158705
v 0.913355 1.062380 0.141600
v 0.913355 1.038070 0.141600
v 0.872060 1.062380 0.158705
v 0.872060 1.038070 0.158705
v 0.854956 1.062380 0.200000
v 0.854956 1.038070 0.200000
v 0.872060 1.062380 0.241295
v 0.872060 1.038070 0.241295
v 0.913355 1.062380 0.258400
v 0.913355 1.038070 0.258400
v 0.574274 1.000351 0.169970
v 0.737637 1.000351 0.230030
v 0.737637 1.000351 0.169970
v 0.574273 1.000351 0.230030
v 1.089074 1.000351 0.169970
v 1.252437 1.000351 0.230030
v 1.252437 1.000351 0.169970
v 1.089074 1.000351 0.230030
v 0.994941 0.996137 0.104114
v 0.835446 0.996137 0.104114
v 0.835446 0.996137 0.295886
v 0.994941 0.996137 0.295886
v 0.967039 0.846568 0.400739
v 0.837436 0.900251 0.400739
v 0.859672 0.846568 0.400739
v 0.913355 0.824331 0.400739
v 0.989275 0.900251 0.400739
v 0.967039 0.953934 0.400739
v 0.859672 0.953934 0.400739
v 0.913355 0.976171 0.400739
v 0.967039 0.953934 -0.000739
v 0.837436 0.900251 -0.000739
v 0.859672 0.953934 -0.000739
v 0.913355 0.976171 -0.000739
v 0.989275 0.900251 -0.000739
v 0.967039 0.846568 -0.000739
v 0.859672 0.846568 -0.000739
v 0.913355 0.824331 -0.000739
v 0.574274 0.602742 0.116711
v 0.737637 0.602742 0.116711
v 0.737637 0.602742 0.283289
v 0.574274 0.602742 0.283289
v 1.252437 0.602742 0.116711
v 1.089074 0.602742 0.283289
v 1.089074 0.602742 0.116711
v 1.252437 0.602742 0.283289
v 2.561791 -0.000990 0.116223
v 2.704213 0.276164 0.099579
v 2.707694 0.176448 0.113172
v 2.629964 0.003551 0.116223
v 2.730335 0.107170 0.115254
v 2.561791 0.521586 0.070012
v 2.729487 0.375880 0.072986
v 2.781791 0.521586 0.070012
v 2.561791 -0.000990 0.283777
v 2.707694 0.176448 0.286828
v 2.704213 0.276164 0.300421
v 2.629964 0.003551 0.283777
v 2.730335 0.107170 0.284746
v 2.561791 0.521586 0.329988
v 2.729487 0.375880 0.327014
v 2.781791 0.521586 0.329988
v 0.696796 0.982826 0.148447
v 0.574274 1.000351 0.169970
v 0.737637 1.000351 0.169970
v 0.615114 0.982826 0.148447
v 0.696796 0.982826 0.251553
v 0.574273 1.000351 0.230030
v 0.615114 0.982826 0.251553
v 0.737637 1.000351 0.230030
v 0.574274 0.943151 0.099900
v 0.696796 0.945646 0.102956
v 0.737637 0.943151 0.099900
v 0.615114 0.945646 0.102956
v 0.696796 0.945646 0.297044
v 0.574274 0.943151 0.300100
v 0.737637 0.943151 0.300100
v 0.615114 0.945646 0.297044
v 1.089074 1.000351 0.169970
v 1.252437 1.000351 0.169970
v 1.211596 0.982826 0.148447
v 1.129915 0.982826 0.148447
v 1.089074 0.943151 0.099900
v 1.129915 0.982826 0.148447
v 1.129915 0.945646 0.102956
v 1.252437 0.943151 0.099900
v 1.211596 0.945646 0.102956
v 1.252437 1.000351 0.169970
v 1.089074 0.943151 0.099900
v 1.211596 0.945646 0.102956
v 1.129915 0.982826 0.251553
v 1.252437 1.000351 0.230030
v 1.089074 1.000351 0.230030
v 1.211596 0.982826 0.251553
v 1.211596 0.982826 0.251553
v 1.252437 0.943151 0.300100
v 1.211596 0.945646 0.297044
v 1.089074 0.943151 0.300100
v 1.089074 1.000351 0.230030
v 1.129915 0.945646 0.297044
v 1.252437 0.943151 0.300100
v 1.129915 0.945646 0.297044
v 0.615114 0.982826 0.251553
v 0.574273 1.000351 0.230030
v 0.574274 0.943151 0.300100
v 0.615114 0.945646 0.297044
v 0.615114 0.945646 0.102956
v 0.615114 0.945646 0.297044
v 0.696796 0.945646 0.102956
v 0.696796 0.945646 0.297044
v 1.129915 0.945646 0.102956
v 1.211596 0.945646 0.297044
v 1.211596 0.945646 0.102956
v 1.129915 0.945646 0.297044
v -2.180391 0.462708 0.056000
v -2.180391 0.574708 0.056000
v -2.147780 0.597908 0.056000
v -2.320390 0.574708 0.056000
v -2.147780 0.439508 0.056000
v -2.361117 0.597908 0.056000
v -2.320390 0.462708 0.056000
v -2.361117 0.439508 0.056000
v -2.147780 0.439508 0.344000
v -2.320390 0.462708 0.344000
v -2.361117 0.439508 0.344000
v -2.361117 0.597908 0.344000
v -2.180391 0.462708 0.344000
v -2.320390 0.574708 0.344000
v -2.147780 0.597908 0.344000
v -2.180391 0.574708 0.344000
v 0.954650 0.858956 0.337819
v 0.913355 0.828874 0.330151
v 0.963827 0.849779 0.330151
v 0.913355 0.841851 0.337819
v 0.984733 0.900251 0.330150
v 0.971755 0.900251 0.337819
v 0.963827 0.950722 0.330150
v 0.954650 0.941546 0.337819
v 0.913355 0.971628 0.330150
v 0.913355 0.958651 0.337819
v 0.862884 0.950723 0.330150
v 0.872060 0.941546 0.337819
v 0.841978 0.900251 0.330150
v 0.854956 0.900251 0.337819
v 0.872060 0.858956 0.337819
v 0.862884 0.849779 0.330151
v 0.913355 0.841851 0.337819
v 0.913355 0.828874 0.330151
v 0.954650 0.941546 0.062181
v 0.913355 0.971628 0.069850
v 0.963827 0.950723 0.069850
v 0.913355 0.958651 0.062181
v 0.984733 0.900251 0.069850
v 0.971755 0.900251 0.062181
v 0.963827 0.849780 0.069850
v 0.954650 0.858956 0.062181
v 0.913355 0.828874 0.069850
v 0.913355 0.841851 0.062181
v 0.862884 0.849780 0.069850
v 0.872060 0.858956 0.062181
v 0.841978 0.900251 0.069850
v 0.854956 0.900251 0.062181
v 0.872060 0.941546 0.062181
v 0.862884 0.950723 0.069850
v 0.913355 0.958651 0.062181
v 0.913355 0.971628 0.069850
v 0.737637 0.602742 0.116711
v 0.574274 0.685751 0.099900
v 0.737637 0.685751 0.099900
v 0.574274 0.602742 0.116711
v 0.574274 0.602742 0.283289
v 0.737637 0.602742 0.283289
v 0.737637 0.685751 0.300100
v 0.574274 0.685751 0.300100
v 1.252437 0.602742 0.116711
v 1.089074 0.602742 0.116711
v 1.252437 0.685751 0.099900
v 1.089074 0.685751 0.099900
v 1.252437 0.602742 0.283289
v 1.089074 0.685751 0.300100
v 1.089074 0.602742 0.283289
v 1.252437 0.685751 0.300100
v 0.574274 0.840191 0.099900
v 0.574274 0.840191 0.300100
v 0.574274 0.943151 0.099900
v 0.574274 0.943151 0.300100
v 0.574273 1.000351 0.230030
v 0.574274 1.000351 0.169970
v 0.574274 0.943151 0.300100
v 0.737637 0.943151 0.099900
v 0.574274 0.840191 0.099900
v 0.574274 0.943151 0.099900
v 0.737637 0.840191 0.099900
v 0.615114 0.982826 0.148447
v 0.574274 1.000351 0.169970
v 0.615114 0.945646 0.102956
v 0.737637 1.000351 0.169970
v 0.696796 0.982826 0.148447
v 0.696796 0.945646 0.102956
v 0.574274 0.785851 0.099900
v 0.574274 0.828751 0.300100
v 0.574274 0.828751 0.099900
v 0.574274 0.785851 0.300100
v 0.574274 0.752484 0.133267
v 0.574274 0.752484 0.266733
v 0.574274 0.785851 0.099900
v 0.574274 0.719118 0.133267
v 0.574274 0.752484 0.266733
v 0.574274 0.719118 0.266733
v 0.574274 0.685751 0.099900
v 0.574274 0.719118 0.133267
v 0.574274 0.685751 0.300100
v 0.574274 0.602742 0.116711
v 0.574274 0.685751 0.300100
v 0.574274 0.685751 0.099900
v 0.574274 0.602742 0.283289
v 0.574274 0.840191 0.300100
v 0.737637 0.840191 0.300100
v 0.574274 0.943151 0.300100
v 0.737637 0.943151 0.300100
v 0.696796 0.982826 0.251553
v 0.696796 0.945646 0.297044
v 0.737637 1.000351 0.230030
v 0.737637 0.785851 0.099900
v 0.574274 0.828751 0.099900
v 0.737637 0.828751 0.099900
v 0.574274 0.785851 0.099900
v 0.574274 0.785851 0.300100
v 0.737637 0.785851 0.300100
v 0.737637 0.828751 0.300100
v 0.574274 0.828751 0.300100
v 0.574274 0.828751 0.099900
v 0.574274 0.828751 0.300100
v 0.582442 0.834471 0.109910
v 0.582442 0.834471 0.290090
v 1.252437 0.840191 0.300100
v 1.252437 0.943151 0.300100
v 1.089074 0.840191 0.300100
v 1.089074 0.943151 0.300100
v 1.089074 0.943151 0.099900
v 1.252437 0.943151 0.099900
v 1.252437 0.840191 0.099900
v 1.089074 0.840191 0.099900
v 1.252437 0.785851 0.099900
v 1.089074 0.785851 0.099900
v 1.252437 0.828751 0.099900
v 1.089074 0.828751 0.099900
v 1.252437 0.785851 0.300100
v 1.089074 0.828751 0.300100
v 1.089074 0.785851 0.300100
v 1.252437 0.828751 0.300100
v 1.037841 0.900251 0.104114
v 0.835446 0.804365 0.104114
v 0.803170 0.900251 0.104114
v 0.803170 0.836642 0.104114
v 1.005565 0.804365 0.104114
v 1.037841 0.836642 0.104114
v 0.835446 0.804365 0.295886
v 1.037841 0.900251 0.295886
v 0.803170 0.900251 0.295886
v 0.803170 0.836642 0.295886
v 1.005565 0.804365 0.295886
v 1.037841 0.836642 0.295886
v 0.835446 0.996137 0.104114
v 0.803170 0.900251 0.104114
v 0.803170 0.963860 0.104114
v 0.994941 0.996137 0.104114
v 1.037841 0.900251 0.104114
v 0.994941 0.996137 0.295886
v 0.803170 0.900251 0.295886
v 1.037841 0.900251 0.295886
v 0.835446 0.996137 0.295886
v 0.803170 0.963860 0.295886
v 1.425447 0.610736 0.262208
v -1.024124 0.642373 0.267675
v -1.024124 0.610736 0.262208
v 1.425447 0.642373 0.267675
v 1.425447 0.610736 0.137016
v -1.024124 0.610736 0.137016
v 1.425447 0.642373 0.131548
v -1.024124 0.642373 0.131548
v 0.737637 0.828751 0.300100
v 0.582442 0.834471 0.290090
v 0.574274 0.828751 0.300100
v 0.729469 0.834471 0.290090
v 0.582442 0.834471 0.109910
v 0.737637 0.828751 0.099900
v 0.574274 0.828751 0.099900
v 0.729469 0.834471 0.109910
v 1.089074 0.828751 0.300100
v 1.252437 0.828751 0.300100
v 1.244269 0.834471 0.290090
v 1.097242 0.834471 0.290090
v 1.252437 0.828751 0.099900
v 1.089074 0.828751 0.099900
v 1.097242 0.834471 0.109910
v 1.244269 0.834471 0.109910
v 0.737637 0.685751 0.099900
v 0.574274 0.685751 0.099900
v 0.574274 0.719118 0.133267
v 0.737637 0.719118 0.133267
v 0.574274 0.752484 0.133267
v 0.737637 0.752484 0.133267
v 0.574274 0.785851 0.099900
v 0.737637 0.785851 0.099900
v 0.737637 0.719118 0.266733
v 0.574274 0.719118 0.266733
v 0.574274 0.685751 0.300100
v 0.737637 0.685751 0.300100
v 0.737637 0.752484 0.266733
v 0.574274 0.752484 0.266733
v 0.737637 0.785851 0.300100
v 0.574274 0.785851 0.300100
v 1.089074 0.685751 0.099900
v 1.252437 0.719118 0.133267
v 1.252437 0.685751 0.099900
v 1.089074 0.719118 0.133267
v 1.252437 0.752484 0.133267
v 1.089074 0.752484 0.133267
v 1.252437 0.785851 0.099900
v 1.089074 0.785851 0.099900
v 1.089074 0.685751 0.300100
v 1.252437 0.685751 0.300100
v 1.089074 0.719118 0.266733
v 1.252437 0.719118 0.266733
v 1.089074 0.752484 0.266733
v 1.252437 0.752484 0.266733
v 1.089074 0.785851 0.300100
v 1.252437 0.785851 0.300100
v 2.629964 0.003551 0.116223
v 2.730335 0.107170 0.115254
v 2.706634 0.023846 0.115739
v 2.730335 0.107170 0.284746
v 2.629964 0.003551 0.283777
v 2.706634 0.023846 0.284261
v 1.750826 1.064741 0.139542
v 1.803627 1.010327 0.139542
v 1.750826 1.010327 0.139542
v 1.803627 1.069031 0.139542
v 1.792578 1.075781 0.139542
v 1.750826 1.010327 0.260457
v 1.803627 1.010327 0.260457
v 1.750826 1.064741 0.260457
v 1.803627 1.069031 0.260457
v 1.792578 1.075781 0.260457
v 0.729469 0.834471 0.290090
v 0.737637 0.828751 0.099900
v 0.729469 0.834471 0.109910
v 0.737637 0.828751 0.300100
v -0.102910 1.069031 0.260458
v -0.050109 1.064741 0.260458
v -0.091862 1.075781 0.260458
v -0.102910 1.010327 0.260458
v -0.050109 1.010327 0.260458
v -0.102910 1.069031 0.139543
v -0.050109 1.064741 0.139543
v -0.102910 1.010327 0.139543
v -0.050109 1.010327 0.139543
v -0.091862 1.075781 0.139543
v 0.737637 0.943151 0.300100
v 0.737637 0.840191 0.099900
v 0.737637 0.943151 0.099900
v 0.737637 0.840191 0.300100
v 0.737637 1.000351 0.169970
v 0.737637 1.000351 0.230030
v 0.737637 0.943151 0.099900
v 0.737637 0.785851 0.300100
v 0.737637 0.785851 0.099900
v 0.737637 0.828751 0.099900
v 0.737637 0.828751 0.300100
v 0.737637 0.752484 0.266733
v 0.737637 0.752484 0.133267
v 0.737637 0.785851 0.300100
v 0.737637 0.752484 0.133267
v 0.737637 0.719118 0.266733
v 0.737637 0.719118 0.133267
v 0.737637 0.685751 0.300100
v 0.737637 0.685751 0.099900
v 0.737637 0.719118 0.266733
v 0.737637 0.602742 0.283289
v 0.737637 0.602742 0.116711
v 0.737637 0.685751 0.099900
v 0.737637 0.685751 0.300100
v 0.803170 0.963860 0.104114
v 0.835446 0.996137 0.295886
v 0.835446 0.996137 0.104114
v 0.803170 0.963860 0.295886
v 0.574274 0.840191 0.300100
v 0.574274 0.840191 0.099900
v 0.582442 0.834471 0.290090
v 0.582442 0.834471 0.109910
v 1.037841 0.836642 0.104114
v 1.005565 0.804365 0.295886
v 1.005565 0.804365 0.104114
v 1.037841 0.836642 0.295886
v 0.835446 0.804365 0.104114
v 0.835446 0.804365 0.295886
v 1.005565 0.804365 0.104114
v 2.561791 0.521586 0.329988
v 2.781791 0.521586 0.329988
v 2.765701 0.611647 0.294332
v 2.561791 0.611647 0.294332
v 2.765701 0.611647 0.105668
v 2.561791 0.521586 0.070012
v 2.561791 0.611647 0.105668
v 2.781791 0.521586 0.070012
v 0.574274 0.840191 0.099900
v 0.737637 0.840191 0.099900
v 0.582442 0.834471 0.109910
v 0.729469 0.834471 0.109910
v 0.737637 0.840191 0.300100
v 0.582442 0.834471 0.290090
v 0.729469 0.834471 0.290090
v 0.574274 0.840191 0.300100
v 1.089074 0.840191 0.099900
v 1.252437 0.840191 0.099900
v 1.244269 0.834471 0.109910
v 1.097242 0.834471 0.109910
v 1.252437 0.840191 0.300100
v 1.097242 0.834471 0.290090
v 1.244269 0.834471 0.290090
v 1.089074 0.840191 0.300100
v 0.971755 0.900251 0.037871
v 0.954650 0.941546 0.037871
v 0.954650 0.941546 0.062181
v 0.913355 0.958651 0.062181
v 0.913355 0.958651 0.037871
v 0.971755 0.900251 0.062181
v 0.954650 0.858956 0.037871
v 0.954650 0.858956 0.062181
v 0.913355 0.841851 0.037871
v 0.913355 0.841851 0.062181
v 0.872060 0.858956 0.037871
v 0.872060 0.858956 0.062181
v 0.854956 0.900251 0.037871
v 0.854956 0.900251 0.062181
v 0.872060 0.941546 0.037871
v 0.872060 0.941546 0.062181
v 0.913355 0.958651 0.037871
v 0.913355 0.958651 0.062181
v 0.696796 0.945646 0.102956
v 0.696796 0.945646 0.297044
v 0.696796 0.982826 0.148447
v 0.696796 0.982826 0.251553
v 0.737637 0.840191 0.099900
v 0.737637 0.840191 0.300100
v 0.729469 0.834471 0.109910
v 0.729469 0.834471 0.290090
v 1.750826 1.010327 0.155383
v 1.803627 1.010327 0.155383
v 1.750826 1.064741 0.155383
v 1.803627 1.069031 0.155383
v 1.792578 1.075781 0.155383
v 1.803627 1.069031 0.244617
v 1.750826 1.064741 0.244617
v 1.792578 1.075781 0.244617
v 1.750826 1.064741 0.244617
v 1.803627 1.069031 0.244617
v 1.803627 1.010327 0.244617
v 1.750826 1.010327 0.244617
v -0.102910 1.069031 0.244617
v -0.050109 1.064741 0.244617
v -0.102910 1.010327 0.244617
v -0.050109 1.010327 0.244617
v -0.091862 1.075781 0.244617
v -0.050109 1.064741 0.155383
v -0.102910 1.010327 0.155383
v -0.050109 1.010327 0.155383
v -0.102910 1.069031 0.155383
v -0.102910 1.069031 0.155383
v -0.050109 1.064741 0.155383
v -0.091862 1.075781 0.155383
v -0.459402 0.431180 0.253842
v -0.543402 0.431180 0.253842
v -0.459402 0.388511 0.253758
v -0.543402 0.388511 0.253758
v -0.459402 0.334849 0.284000
v -0.543402 0.334849 0.284000
v -0.459402 0.431180 0.146158
v -0.543402 0.388511 0.146242
v -0.543402 0.431180 0.146158
v -0.459402 0.388511 0.146242
v -0.543402 0.334849 0.116000
v -0.459402 0.334849 0.116000
v -0.809402 0.431180 0.253842
v -0.893402 0.431180 0.253842
v -0.809402 0.388511 0.253758
v -0.893402 0.388511 0.253758
v -0.809402 0.334849 0.284000
v -0.893402 0.334849 0.284000
v -0.809402 0.431180 0.146158
v -0.893402 0.388511 0.146242
v -0.893402 0.431180 0.146158
v -0.809402 0.388511 0.146242
v -0.893402 0.334849 0.116000
v -0.809402 0.334849 0.116000
v 0.615114 0.945646 0.297044
v 0.615114 0.945646 0.102956
v 0.615114 0.982826 0.251553
v 0.615114 0.982826 0.148447
v 0.862884 0.958861 0.250472
v 0.913355 0.958861 0.271378
v 0.862884 1.030402 0.250471
v 0.913355 1.030402 0.271377
v 0.841978 0.958861 0.200000
v 0.841978 1.030402 0.200000
v 0.862884 0.958861 0.149529
v 0.862884 1.030402 0.149528
v 0.913355 1.030401 0.128622
v 0.913355 0.958861 0.128623
v 0.963827 1.030401 0.149528
v 0.963827 0.958861 0.149529
v 0.984733 0.958861 0.200000
v 0.984733 1.030402 0.200000
v 0.963827 1.030402 0.250471
v 0.963827 0.958861 0.250472
v 0.913355 1.030402 0.271377
v 0.913355 0.958861 0.271378
v 0.862884 0.849779 0.258610
v 0.913355 0.828873 0.258610
v 0.862884 0.849779 0.330151
v 0.913355 0.828874 0.330151
v 0.841978 0.900251 0.330150
v 0.841978 0.900251 0.258610
v 0.862884 0.950722 0.258610
v 0.862884 0.950723 0.330150
v 0.913355 0.971628 0.330150
v 0.913355 0.971628 0.258610
v 0.963827 0.950722 0.330150
v 0.963827 0.950722 0.258610
v 0.984733 0.900251 0.330150
v 0.984733 0.900251 0.258610
v 0.963827 0.849779 0.258610
v 0.963827 0.849779 0.330151
v 0.913355 0.828874 0.330151
v 0.913355 0.828873 0.258610
v 0.803170 0.836642 0.295886
v 0.803170 0.836642 0.104114
v 0.835446 0.804365 0.104114
v 0.835446 0.804365 0.295886
v 0.803170 0.836642 0.104114
v 0.803170 0.836642 0.295886
v 0.803170 0.900251 0.104114
v 0.803170 0.900251 0.295886
v 0.803170 0.963860 0.104114
v 0.803170 0.963860 0.295886
v 1.425447 0.642373 0.131548
v -1.024124 0.642373 0.131548
v -1.024124 0.658008 0.169954
v 1.425447 0.658008 0.169954
v -1.024124 0.658008 0.229270
v 1.425447 0.658008 0.229270
v -1.024124 0.642373 0.267675
v 1.425447 0.642373 0.267675
v 0.967039 0.953934 0.362129
v 0.971755 0.900251 0.362129
v 0.954650 0.941546 0.362129
v 0.989275 0.900251 0.362129
v 0.913355 0.976171 0.362129
v 0.967039 0.846568 0.362129
v 0.913355 0.958651 0.362129
v 0.954650 0.858956 0.362129
v 0.913355 0.824331 0.362129
v 0.913355 0.841851 0.362129
v 0.859672 0.953934 0.362129
v 0.872060 0.941546 0.362129
v 0.837436 0.900251 0.362129
v 0.854956 0.900251 0.362129
v 0.872060 0.858956 0.362129
v 0.859672 0.846568 0.362129
v 0.913355 0.841851 0.362129
v 0.913355 0.824331 0.362129
v 0.967039 0.846568 0.037871
v 0.971755 0.900251 0.037871
v 0.954650 0.858956 0.037871
v 0.989275 0.900251 0.037871
v 0.913355 0.824331 0.037871
v 0.967039 0.953934 0.037871
v 0.913355 0.841851 0.037871
v 0.954650 0.941546 0.037871
v 0.913355 0.976171 0.037871
v 0.913355 0.958651 0.037871
v 0.859672 0.846568 0.037871
v 0.872060 0.858956 0.037871
v 0.837436 0.900251 0.037871
v 0.854956 0.900251 0.037871
v 0.872060 0.941546 0.037871
v 0.859672 0.953934 0.037871
v 0.913355 0.958651 0.037871
v 0.913355 0.976171 0.037871
v 2.704425 0.649021 0.200000
v 2.561791 0.649021 0.200000
v 2.561791 0.611647 0.294332
v 2.765701 0.611647 0.294332
v 2.704425 0.649021 0.200000
v 2.561791 0.611647 0.105668
v 2.765701 0.611647 0.105668
v -2.361117 0.597908 0.056000
v -2.187484 0.597908 0.200000
v -2.147780 0.597908 0.056000
v -2.111898 0.597908 0.109804
v -2.481791 0.597908 0.200000
v -2.361117 0.597908 0.344000
v -2.147780 0.597908 0.344000
v -2.111898 0.597908 0.290196
v 0.615114 0.982826 0.148447
v 0.696796 0.982826 0.148447
v 0.696796 0.982826 0.251553
v 0.615114 0.982826 0.251553
v 1.211596 0.982826 0.148447
v 1.129915 0.982826 0.251553
v 1.129915 0.982826 0.148447
v 1.211596 0.982826 0.251553
v 1.089074 0.828751 0.099900
v 1.089074 0.828751 0.300100
v 1.097242 0.834471 0.290090
v 1.097242 0.834471 0.109910
v 0.971755 0.900251 0.362129
v 0.954650 0.858956 0.337819
v 0.971755 0.900251 0.337819
v 0.954650 0.858956 0.362129
v 0.913355 0.841851 0.337819
v 0.913355 0.841851 0.362129
v 0.954650 0.941546 0.362129
v 0.954650 0.941546 0.337819
v 0.913355 0.958651 0.362129
v 0.913355 0.958651 0.337819
v 0.872060 0.941546 0.362129
v 0.872060 0.941546 0.337819
v 0.854956 0.900251 0.362129
v 0.854956 0.900251 0.337819
v 0.872060 0.858956 0.362129
v 0.872060 0.858956 0.337819
v 0.913355 0.841851 0.362129
v 0.913355 0.841851 0.337819
v 0.913355 0.824331 0.400739
v 0.859672 0.846568 0.362129
v 0.913355 0.824331 0.362129
v 0.859672 0.846568 0.400739
v 0.837436 0.900251 0.362129
v 0.837436 0.900251 0.400739
v 0.859672 0.953934 0.362129
v 0.859672 0.953934 0.400739
v 0.913355 0.976171 0.362129
v 0.913355 0.976171 0.400739
v 0.967039 0.953934 0.362129
v 0.967039 0.953934 0.400739
v 0.989275 0.900251 0.362129
v 0.989275 0.900251 0.400739
v 0.967039 0.846568 0.362129
v 0.967039 0.846568 0.400739
v 0.913355 0.824331 0.362129
v 0.913355 0.824331 0.400739
v 0.913355 0.976171 -0.000739
v 0.859672 0.953934 -0.000739
v 0.859672 0.953934 0.037871
v 0.913355 0.976171 0.037871
v 0.837436 0.900251 0.037871
v 0.837436 0.900251 -0.000739
v 0.859672 0.846568 0.037871
v 0.859672 0.846568 -0.000739
v 0.913355 0.824331 0.037871
v 0.913355 0.824331 -0.000739
v 0.967039 0.846568 0.037871
v 0.967039 0.846568 -0.000739
v 0.989275 0.900251 0.037871
v 0.989275 0.900251 -0.000739
v 0.967039 0.953934 0.037871
v 0.967039 0.953934 -0.000739
v 0.913355 0.976171 0.037871
v 0.913355 0.976171 -0.000739
v 0.913355 1.062380 0.275920
v 0.913355 1.100990 0.275920
v 0.859672 1.062380 0.253683
v 0.859672 1.100990 0.253683
v 0.837436 1.062380 0.200000
v 0.837436 1.100990 0.200000
v 0.859672 1.062380 0.146317
v 0.859672 1.100990 0.146317
v 0.913355 1.062380 0.124080
v 0.913355 1.100990 0.124080
v 0.967039 1.062380 0.146317
v 0.967039 1.100990 0.146317
v 0.989275 1.062380 0.200000
v 0.989275 1.100990 0.200000
v 0.967039 1.062380 0.253683
v 0.967039 1.100990 0.253683
v 0.913355 1.062380 0.275920
v 0.913355 1.100990 0.275920
v 1.089074 0.840191 0.300100
v 1.089074 0.840191 0.099900
v 1.097242 0.834471 0.109910
v 1.097242 0.834471 0.290090
v 0.967039 1.062380 0.146317
v 0.971755 1.062380 0.200000
v 0.954650 1.062380 0.158705
v 0.989275 1.062380 0.200000
v 0.913355 1.062380 0.124080
v 0.967039 1.062380 0.253683
v 0.913355 1.062380 0.141600
v 0.954650 1.062380 0.241295
v 0.913355 1.062380 0.275920
v 0.913355 1.062380 0.258400
v 0.859672 1.062380 0.146317
v 0.872060 1.062380 0.158705
v 0.837436 1.062380 0.200000
v 0.854956 1.062380 0.200000
v 0.872060 1.062380 0.241295
v 0.859672 1.062380 0.253683
v 0.913355 1.062380 0.258400
v 0.913355 1.062380 0.275920
v -0.050109 1.010327 0.244617
v -0.050109 1.064741 0.244617
v -0.050109 1.064741 0.260458
v -0.050109 1.010327 0.260458
v -0.091862 1.075781 0.260458
v -0.091862 1.075781 0.244617
v -0.102910 1.069031 0.260458
v -0.102910 1.069031 0.244617
v -0.091862 1.075781 0.155383
v -0.050109 1.064741 0.139543
v -0.091862 1.075781 0.139543
v -0.102910 1.069031 0.155383
v -0.102910 1.069031 0.139543
v -0.050109 1.064741 0.155383
v -0.050109 1.010327 0.139543
v -0.050109 1.010327 0.155383
v 1.089074 0.943151 0.300100
v 1.089074 0.943151 0.099900
v 1.089074 0.840191 0.099900
v 1.089074 0.840191 0.300100
v 1.089074 0.943151 0.099900
v 1.089074 0.943151 0.300100
v 1.089074 1.000351 0.169970
v 1.089074 1.000351 0.230030
v 1.089074 0.785851 0.300100
v 1.089074 0.828751 0.099900
v 1.089074 0.785851 0.099900
v 1.089074 0.828751 0.300100
v 1.089074 0.785851 0.300100
v 1.089074 0.752484 0.266733
v 1.089074 0.752484 0.133267
v 1.089074 0.752484 0.133267
v 1.089074 0.719118 0.266733
v 1.089074 0.719118 0.133267
v 1.089074 0.685751 0.099900
v 1.089074 0.685751 0.300100
v 1.089074 0.719118 0.266733
v 1.089074 0.602742 0.283289
v 1.089074 0.685751 0.099900
v 1.089074 0.602742 0.116711
v 1.089074 0.685751 0.300100
v 1.211596 0.945646 0.102956
v 1.211596 0.982826 0.251553
v 1.211596 0.982826 0.148447
v 1.211596 0.945646 0.297044
v 1.750826 1.064741 0.139542
v 1.750826 1.010327 0.139542
v 1.750826 1.010327 0.155383
v 1.750826 1.064741 0.155383
v 1.792578 1.075781 0.139542
v 1.792578 1.075781 0.155383
v 1.803627 1.069031 0.139542
v 1.803627 1.069031 0.155383
v 1.792578 1.075781 0.244617
v 1.750826 1.064741 0.244617
v 1.750826 1.064741 0.260457
v 1.750826 1.010327 0.260457
v 1.750826 1.010327 0.244617
v 1.792578 1.075781 0.260457
v 1.803627 1.069031 0.244617
v 1.803627 1.069031 0.260457
v -0.459402 0.306849 0.200000
v -0.459402 0.388511 0.253758
v -0.459402 0.334849 0.284000
v -0.459402 0.407705 0.200000
v -0.459402 0.431180 0.253842
v -0.459402 0.388511 0.146242
v -0.459402 0.431180 0.146158
v -0.459402 0.334849 0.116000
v -0.809402 0.306849 0.200000
v -0.809402 0.388511 0.253758
v -0.809402 0.334849 0.284000
v -0.809402 0.407705 0.200000
v -0.809402 0.431180 0.253842
v -0.809402 0.388511 0.146242
v -0.809402 0.431180 0.146158
v -0.809402 0.334849 0.116000
v 2.561791 -0.000990 0.200000
v 2.561791 0.521586 0.329988
v 2.561791 0.521586 0.070012
v 2.561791 -0.000990 0.283777
v 2.561791 -0.000990 0.116223
v 2.561791 0.649021 0.200000
v 2.561791 0.611647 0.105668
v 2.561791 0.611647 0.294332
v -2.111898 0.439508 0.109804
v -2.111898 0.597908 0.109804
v -2.187484 0.597908 0.200000
v -2.187484 0.439508 0.200000
v -2.187484 0.439508 0.200000
v -2.187484 0.597908 0.200000
v -2.111898 0.597908 0.290196
v -2.111898 0.439508 0.290196
v -2.111898 0.597908 0.109804
v -2.147780 0.439508 0.056000
v -2.147780 0.597908 0.056000
v -2.111898 0.439508 0.109804
v -2.111898 0.439508 0.290196
v -2.111898 0.597908 0.290196
v -2.147780 0.597908 0.344000
v -2.147780 0.439508 0.344000
v -2.320390 0.462708 0.056000
v -2.320390 0.574708 0.056000
v -2.438209 0.574708 0.200000
v -2.438209 0.462708 0.200000
v -2.320390 0.462708 0.344000
v -2.320390 0.574708 0.344000
v -2.320390 0.462708 0.344000
v -2.298209 0.462708 0.200000
v -2.180391 0.462708 0.344000
v -2.320390 0.462708 0.056000
v -2.180391 0.462708 0.056000
v -2.320390 0.574708 0.056000
v -2.298209 0.574708 0.200000
v -2.180391 0.574708 0.056000
v -2.320390 0.574708 0.344000
v -2.180391 0.574708 0.344000
v 1.735173 1.061583 0.226058
v 1.754672 1.085867 0.173942
v 1.735173 1.061583 0.173942
v 1.754672 1.085867 0.226058
v 1.734597 1.036687 0.173942
v 1.734597 1.036687 0.226058
v 1.757285 1.019540 0.173942
v 1.757285 1.019540 0.226058
v 1.783059 1.030391 0.173942
v 1.783059 1.030391 0.226058
v 1.764547 1.041302 0.266496
v 1.764547 1.041302 0.133504
v 1.770097 1.030640 0.133504
v 1.770097 1.030640 0.266496
v 1.768161 1.052766 0.266496
v 1.768161 1.052766 0.133504
v 1.778824 1.058316 0.266496
v 1.778824 1.058316 0.133504
v 1.790287 1.054703 0.266496
v 1.790287 1.054703 0.133504
v 1.795838 1.044040 0.266496
v 1.795838 1.044040 0.133504
v 1.792223 1.032576 0.266496
v 1.792223 1.032576 0.133504
v 1.781561 1.027025 0.266496
v 1.781561 1.027025 0.133504
v 1.770097 1.030640 0.266496
v 1.770097 1.030640 0.133504
v 1.778824 1.058316 0.266496
v 1.795838 1.044040 0.266496
v 1.790287 1.054703 0.266496
v 1.792223 1.032576 0.266496
v 1.768161 1.052766 0.266496
v 1.764547 1.041302 0.266496
v 1.781561 1.027025 0.266496
v 1.770097 1.030640 0.266496
v 1.790287 1.054703 0.133504
v 1.795838 1.044040 0.133504
v 1.778824 1.058316 0.133504
v 1.768161 1.052766 0.133504
v 1.792223 1.032576 0.133504
v 1.764547 1.041302 0.133504
v 1.781561 1.027025 0.133504
v 1.770097 1.030640 0.133504
v 1.939563 1.313387 0.200000
v 1.839270 1.193862 0.043972
v 1.839270 1.193862 0.356028
v 1.910188 1.278378 0.089671
v 1.910188 1.278378 0.310329
v 1.738977 1.074337 0.200000
v 1.768352 1.109345 0.310329
v 1.768352 1.109345 0.089671
v 1.770270 1.072778 0.226058
v 1.754672 1.085867 0.226058
v 1.754422 1.054936 0.226058
v 1.735173 1.061583 0.226058
v 1.754422 1.054936 0.173942
v 1.754672 1.085867 0.173942
v 1.770270 1.072778 0.173942
v 1.735173 1.061583 0.173942
v 1.735173 1.061583 0.226058
v 1.752884 1.045643 0.226058
v 1.754422 1.054936 0.226058
v 1.734597 1.036687 0.226058
v 1.735173 1.061583 0.173942
v 1.752884 1.045643 0.173942
v 1.734597 1.036687 0.173942
v 1.754422 1.054936 0.173942
v 1.757285 1.019540 0.173942
v 1.734597 1.036687 0.173942
v 1.760244 1.039688 0.173942
v 1.752884 1.045643 0.173942
v 1.783059 1.030391 0.173942
v 1.767602 1.043649 0.173942
v 1.734597 1.036687 0.226058
v 1.760244 1.039688 0.226058
v 1.752884 1.045643 0.226058
v 1.757285 1.019540 0.226058
v 1.783059 1.030391 0.226058
v 1.767602 1.043649 0.226058
v 1.799342 1.097877 0.299194
v 1.762809 1.054339 0.200000
v 1.772932 1.066403 0.200000
v 1.799342 1.097877 0.100806
v 1.792184 1.089348 0.310329
v 1.792184 1.089348 0.089671
v 1.863102 1.173864 0.356028
v 1.863102 1.173864 0.043972
v 1.863102 1.173864 0.340281
v 1.863102 1.173864 0.059719
v 1.934020 1.258381 0.310329
v 1.934020 1.258381 0.089671
v 1.926863 1.249851 0.299194
v 1.926863 1.249852 0.100806
v 1.963395 1.293389 0.200000
v 1.953273 1.281326 0.200000
v 1.784998 1.109913 0.299194
v 1.772932 1.066403 0.200000
v 1.758588 1.078439 0.200000
v 1.799342 1.097877 0.100806
v 1.799342 1.097877 0.299194
v 1.784998 1.109913 0.100806
v 1.848759 1.185900 0.340281
v 1.863102 1.173864 0.059719
v 1.863102 1.173864 0.340281
v 1.848759 1.185900 0.059719
v 1.912520 1.261887 0.299194
v 1.926863 1.249852 0.100806
v 1.926863 1.249851 0.299194
v 1.912520 1.261887 0.100806
v 1.938930 1.293361 0.200000
v 1.953273 1.281326 0.200000
v 1.848759 1.185900 0.059719
v 1.848759 1.185900 0.340281
v 1.758588 1.078439 0.200000
v 1.784998 1.109913 0.299194
v 1.784998 1.109913 0.100806
v 1.938930 1.293361 0.200000
v 1.912520 1.261887 0.299194
v 1.912520 1.261887 0.100806
v 1.762809 1.054339 0.200000
v 1.792184 1.089348 0.310329
v 1.738977 1.074337 0.200000
v 1.768352 1.109345 0.310329
v 1.768352 1.109345 0.089671
v 1.863102 1.173864 0.356028
v 1.792184 1.089348 0.089671
v 1.839270 1.193862 0.356028
v 1.839270 1.193862 0.043972
v 1.934020 1.258381 0.310329
v 1.863102 1.173864 0.043972
v 1.910188 1.278378 0.310329
v 1.910188 1.278378 0.089671
v 1.963395 1.293389 0.200000
v 1.934020 1.258381 0.089671
v 1.939563 1.313387 0.200000
v 1.770270 1.072778 0.173942
v 1.770270 1.072778 0.226058
v 1.754422 1.054936 0.173942
v 1.754422 1.054936 0.226058
v 1.752884 1.045643 0.226058
v 1.752884 1.045643 0.173942
v 1.760244 1.039688 0.226058
v 1.760244 1.039688 0.173942
v 1.767602 1.043649 0.226058
v 1.767602 1.043649 0.173942
v -0.030174 1.061583 0.173942
v -0.049672 1.085867 0.226058
v -0.030174 1.061583 0.226058
v -0.049672 1.085867 0.173942
v -0.029597 1.036687 0.226058
v -0.029597 1.036687 0.173942
v -0.052285 1.019540 0.226058
v -0.052285 1.019540 0.173942
v -0.078059 1.030391 0.226058
v -0.078059 1.030391 0.173942
v -0.059547 1.041302 0.133504
v -0.059547 1.041302 0.266496
v -0.065097 1.030640 0.266496
v -0.065097 1.030640 0.133504
v -0.063161 1.052766 0.133504
v -0.063161 1.052766 0.266496
v -0.073824 1.058316 0.133504
v -0.073824 1.058316 0.266496
v -0.085287 1.054703 0.133504
v -0.085287 1.054703 0.266496
v -0.090838 1.044040 0.133504
v -0.090838 1.044040 0.266496
v -0.087223 1.032576 0.133504
v -0.087223 1.032576 0.266496
v -0.076561 1.027025 0.133504
v -0.076561 1.027025 0.266496
v -0.065097 1.030640 0.133504
v -0.065097 1.030640 0.266496
v -0.073824 1.058316 0.133504
v -0.090838 1.044040 0.133504
v -0.085287 1.054703 0.133504
v -0.087223 1.032576 0.133504
v -0.063161 1.052766 0.133504
v -0.059547 1.041302 0.133504
v -0.076561 1.027025 0.133504
v -0.065097 1.030640 0.133504
v -0.085287 1.054703 0.266496
v -0.090838 1.044040 0.266496
v -0.073824 1.058316 0.266496
v -0.063161 1.052766 0.266496
v -0.087223 1.032576 0.266496
v -0.059547 1.041302 0.266496
v -0.076561 1.027025 0.266496
v -0.065097 1.030640 0.266496
v -0.234563 1.313387 0.200000
v -0.134270 1.193862 0.356028
v -0.134270 1.193862 0.043972
v -0.205188 1.278378 0.310329
v -0.205188 1.278378 0.089671
v -0.033977 1.074337 0.200000
v -0.063352 1.109345 0.089671
v -0.063352 1.109345 0.310329
v -0.065270 1.072778 0.173942
v -0.049672 1.085867 0.173942
v -0.049422 1.054936 0.173942
v -0.030174 1.061583 0.173942
v -0.049422 1.054936 0.226058
v -0.049672 1.085867 0.226058
v -0.065270 1.072778 0.226058
v -0.030174 1.061583 0.226058
v -0.030174 1.061583 0.173942
v -0.047884 1.045643 0.173942
v -0.049422 1.054936 0.173942
v -0.029597 1.036687 0.173942
v -0.030174 1.061583 0.226058
v -0.047884 1.045643 0.226058
v -0.029597 1.036687 0.226058
v -0.049422 1.054936 0.226058
v -0.052285 1.019540 0.226058
v -0.029597 1.036687 0.226058
v -0.055244 1.039688 0.226058
v -0.047884 1.045643 0.226058
v -0.078059 1.030391 0.226058
v -0.062602 1.043649 0.226058
v -0.029597 1.036687 0.173942
v -0.055244 1.039688 0.173942
v -0.047884 1.045643 0.173942
v -0.052285 1.019540 0.173942
v -0.078059 1.030391 0.173942
v -0.062602 1.043649 0.173942
v -0.094342 1.097877 0.100806
v -0.057809 1.054339 0.200000
v -0.067932 1.066403 0.200000
v -0.094342 1.097877 0.299194
v -0.087184 1.089348 0.089671
v -0.087184 1.089348 0.310329
v -0.158103 1.173864 0.043972
v -0.158103 1.173864 0.356028
v -0.158103 1.173864 0.059719
v -0.158103 1.173864 0.340281
v -0.229020 1.258381 0.089671
v -0.229020 1.258381 0.310329
v -0.221863 1.249852 0.100806
v -0.221863 1.249852 0.299194
v -0.258395 1.293389 0.200000
v -0.248273 1.281326 0.200000
v -0.079998 1.109913 0.100806
v -0.067932 1.066403 0.200000
v -0.053588 1.078439 0.200000
v -0.094342 1.097877 0.299194
v -0.094342 1.097877 0.100806
v -0.079998 1.109913 0.299194
v -0.143759 1.185900 0.059719
v -0.158103 1.173864 0.340281
v -0.158103 1.173864 0.059719
v -0.143759 1.185900 0.340281
v -0.207520 1.261887 0.100806
v -0.221863 1.249852 0.299194
v -0.221863 1.249852 0.100806
v -0.207520 1.261887 0.299194
v -0.233930 1.293361 0.200000
v -0.248273 1.281326 0.200000
v -0.143759 1.185900 0.340281
v -0.143759 1.185900 0.059719
v -0.053588 1.078439 0.200000
v -0.079998 1.109913 0.100806
v -0.079998 1.109913 0.299194
v -0.233930 1.293361 0.200000
v -0.207520 1.261887 0.100806
v -0.207520 1.261887 0.299194
v -0.057809 1.054339 0.200000
v -0.087184 1.089348 0.089671
v -0.033977 1.074337 0.200000
v -0.063352 1.109345 0.089671
v -0.063352 1.109345 0.310329
v -0.158103 1.173864 0.043972
v -0.087184 1.089348 0.310329
v -0.134270 1.193862 0.043972
v -0.134270 1.193862 0.356028
v -0.229020 1.258381 0.089671
v -0.158103 1.173864 0.356028
v -0.205188 1.278378 0.089671
v -0.205188 1.278378 0.310329
v -0.258395 1.293389 0.200000
v -0.229020 1.258381 0.310329
v -0.234563 1.313387 0.200000
v -0.065270 1.072778 0.226058
v -0.065270 1.072778 0.173942
v -0.049422 1.054936 0.226058
v -0.049422 1.054936 0.173942
v -0.047884 1.045643 0.173942
v -0.047884 1.045643 0.226058
v -0.055244 1.039688 0.173942
v -0.055244 1.039688 0.226058
v -0.062602 1.043649 0.173942
v -0.062602 1.043649 0.226058
v -0.652358 0.407869 0.226259
v -0.652358 0.381752 0.188961
v -0.642929 0.394811 0.207610
v -0.675124 0.413278 0.233984
v -0.675124 0.376344 0.181236
v -0.697892 0.381752 0.188961
v -0.697892 0.407869 0.226259
v -0.707321 0.394811 0.207610
v -0.734026 0.372407 0.239892
v -0.615972 0.356813 0.217621
v -0.615972 0.372407 0.239892
v -0.734026 0.356813 0.217621
v -0.570064 -0.393278 0.755082
v -0.779936 -0.393278 0.587910
v -0.779936 -0.393278 0.755082
v -0.570064 -0.393278 0.587910
v -0.779936 -0.351791 0.755082
v -0.570064 -0.351791 0.755082
v -0.556382 -0.372535 0.768764
v -0.793618 -0.372535 0.768764
v -0.570064 -0.393278 0.755082
v -0.779936 -0.393278 0.755082
v -0.615972 -0.258779 0.621895
v -0.734026 -0.274373 0.599624
v -0.734026 -0.258779 0.621895
v -0.615972 -0.274373 0.599624
v -0.570064 -0.393278 0.755082
v -0.556382 -0.372533 0.574228
v -0.570064 -0.393278 0.587910
v -0.556382 -0.372535 0.768764
v -0.570064 -0.351791 0.587910
v -0.570064 -0.351791 0.755082
v -0.793618 -0.372535 0.768764
v -0.779936 -0.351791 0.587910
v -0.779936 -0.351791 0.755082
v -0.793618 -0.372533 0.574228
v -0.779936 -0.393278 0.755082
v -0.779936 -0.393278 0.587910
v -0.615972 0.356813 0.217621
v -0.615972 -0.258779 0.621895
v -0.615972 0.372407 0.239892
v -0.615972 -0.274373 0.599624
v -0.734026 0.372407 0.239892
v -0.734026 -0.258779 0.621895
v -0.734026 0.356813 0.217621
v -0.734026 -0.274373 0.599624
v -0.697892 -0.285863 0.596472
v -0.675124 0.376344 0.181236
v -0.697892 0.381752 0.188961
v -0.675124 -0.291272 0.588747
v -0.697892 0.407869 0.226259
v -0.675124 -0.254338 0.641495
v -0.697892 -0.259747 0.633770
v -0.675124 0.413278 0.233984
v -0.675124 -0.254338 0.641495
v -0.675124 0.413278 0.233984
v -0.652358 0.407869 0.226259
v -0.652358 -0.259745 0.633770
v -0.652358 -0.285863 0.596472
v -0.675124 0.376344 0.181236
v -0.675124 -0.291272 0.588747
v -0.652358 0.381752 0.188961
v -0.652358 -0.259745 0.633770
v -0.652358 0.407869 0.226259
v -0.642929 0.394811 0.207610
v -0.642929 -0.272805 0.615121
v -0.652358 0.381752 0.188961
v -0.652358 -0.285863 0.596472
v -0.697892 0.381752 0.188961
v -0.707321 -0.272805 0.615121
v -0.697892 -0.285863 0.596472
v -0.707321 0.394811 0.207610
v -0.697892 -0.259747 0.633770
v -0.697892 0.407869 0.226259
v -0.615972 -0.274373 0.599624
v -0.615972 0.356813 0.217621
v -0.734026 -0.274373 0.599624
v -0.734026 0.356813 0.217621
v -0.615972 0.372407 0.239892
v -0.615972 -0.258779 0.621895
v -0.734026 0.372407 0.239892
v -0.734026 -0.258779 0.621895
v -0.793618 -0.372533 0.574228
v -0.556382 -0.372533 0.574228
v -0.570064 -0.351791 0.587910
v -0.779936 -0.351791 0.587910
v -0.570064 -0.393278 0.587910
v -0.779936 -0.393278 0.587910
v -0.704838 -0.264541 0.645608
v -0.729752 -0.361342 0.677116
v -0.717146 -0.281584 0.621268
v -0.713752 -0.361342 0.715744
v -0.713752 -0.361342 0.638488
v -0.675124 -0.361342 0.731745
v -0.704838 -0.298627 0.596928
v -0.675124 -0.305687 0.586846
v -0.675124 -0.361343 0.622488
v -0.675124 -0.257481 0.655691
v -0.645411 -0.264541 0.645609
v -0.636497 -0.361342 0.715744
v -0.620496 -0.361342 0.677116
v -0.633103 -0.281584 0.621268
v -0.636497 -0.361342 0.638488
v -0.645411 -0.298627 0.596928
v -0.675124 -0.305687 0.586846
v -0.675124 -0.361343 0.622488
v -0.675124 -0.305687 0.586846
v -0.697892 -0.285863 0.596472
v -0.704838 -0.298627 0.596928
v -0.675124 -0.291272 0.588747
v -0.717146 -0.281584 0.621268
v -0.707321 -0.272805 0.615121
v -0.697892 -0.259747 0.633770
v -0.704838 -0.264541 0.645608
v -0.675124 -0.254338 0.641495
v -0.675124 -0.257481 0.655691
v -0.645411 -0.264541 0.645609
v -0.652358 -0.259745 0.633770
v -0.633103 -0.281584 0.621268
v -0.642929 -0.272805 0.615121
v -0.652358 -0.285863 0.596472
v -0.645411 -0.298627 0.596928
v -0.675124 -0.305687 0.586846
v -0.675124 -0.291272 0.588747
v -0.779936 -0.351791 0.755082
v -0.570064 -0.351791 0.587910
v -0.570064 -0.351791 0.755082
v -0.779936 -0.351791 0.587910
v -2.589878 0.558362 0.160031
v -2.589878 0.518393 0.143475
v -2.589878 0.518393 0.161298
v -2.589878 0.478424 0.160031
v -2.589878 0.545759 0.172634
v -2.589878 0.491027 0.172634
v -2.589878 0.557095 0.200000
v -2.589878 0.479691 0.200000
v -2.589878 0.574918 0.200000
v -2.589878 0.461868 0.200000
v -2.589878 0.558362 0.239969
v -2.589878 0.478424 0.239969
v -2.589878 0.545759 0.227366
v -2.589878 0.518393 0.238702
v -2.589878 0.518393 0.256525
v -2.589878 0.491027 0.227366
v -2.589878 0.518393 0.238702
v -2.589878 0.518393 0.256525
v -2.589878 0.479691 0.200000
v -2.589878 0.491027 0.227366
v -2.514250 0.518393 0.200000
v -2.589878 0.518393 0.238702
v -2.514250 0.518393 0.200000
v -2.589878 0.491027 0.172634
v -2.514250 0.518393 0.200000
v -2.589878 0.518393 0.161298
v -2.514250 0.518393 0.200000
v -2.589878 0.545759 0.172634
v -2.514250 0.518393 0.200000
v -2.589878 0.557095 0.200000
v -2.514250 0.518393 0.200000
v -2.589878 0.545759 0.227366
v -2.514250 0.518393 0.200000
v -2.589878 0.518393 0.238702
v -2.514250 0.518393 0.200000
v 1.809839 1.000235 0.300299
v 1.809839 1.012111 0.200000
v 1.809839 1.041779 0.200000
v 1.809839 1.000235 0.099701
v 1.809839 0.979255 0.279319
v 1.809839 0.899935 0.341844
v 1.809839 0.899935 0.312174
v 1.809839 0.979255 0.120681
v 1.809839 0.899935 0.058156
v 1.809839 0.899935 0.087826
v 1.809839 0.820616 0.120681
v 1.809839 0.799636 0.099701
v 1.809839 0.758091 0.200000
v 1.809839 0.787761 0.200000
v 1.809839 0.820616 0.279319
v 1.809839 0.799636 0.300299
v 1.809839 0.899935 0.341844
v 1.809839 0.899935 0.312174
v 1.730487 0.387486 0.112593
v 1.615488 0.307487 0.287407
v 1.615487 0.307487 0.112593
v 1.730488 0.387486 0.287407
v 1.705487 0.469103 0.287407
v 1.705487 0.469103 0.112593
v 1.515751 0.393988 0.120334
v 1.607854 0.004635 0.279666
v 1.607854 0.004635 0.120334
v 1.515751 0.393988 0.279666
v 1.607854 0.004635 0.120334
v 1.607854 0.004635 0.279666
v 1.614192 -0.022162 0.120334
v 1.614192 -0.022162 0.279666
v 1.626872 -0.075761 0.120334
v 1.626872 -0.075761 0.279666
v -1.088887 0.433612 0.284781
v -1.088887 0.476002 0.097660
v -1.088887 0.398494 0.200000
v -1.088887 0.433612 0.115219
v -1.088887 0.518393 0.319899
v -1.088887 0.603174 0.284781
v -1.088887 0.638292 0.200000
v -1.088887 0.603174 0.115219
v -1.088887 0.518393 0.080101
v 1.083719 0.469103 0.102881
v 1.083719 0.469103 0.297119
v 1.083719 0.208609 0.102881
v 1.083719 0.208609 0.297119
v 1.626872 -0.075761 0.279666
v 1.347782 -0.141779 0.279666
v 1.626872 -0.075761 0.120334
v 1.347782 -0.141779 0.120334
v -0.860888 0.586796 0.133570
v -0.860888 0.597560 0.112893
v -0.860394 0.586218 0.132175
v -0.848088 0.569737 0.101369
v -0.848088 0.559467 0.121095
v -0.860888 0.541915 0.089844
v -0.860888 0.531646 0.109571
v -0.848088 0.569737 0.298631
v -0.860394 0.586218 0.267825
v -0.848088 0.559467 0.278905
v -0.860888 0.597560 0.287107
v -0.860888 0.586796 0.266430
v -0.860888 0.541915 0.310156
v -0.860888 0.531646 0.290429
v -0.848088 0.470044 0.124108
v -0.860888 0.486101 0.093477
v -0.848088 0.457957 0.105135
v -0.860888 0.498188 0.112450
v -0.860888 0.431720 0.119785
v -0.848088 0.470044 0.124108
v -0.860888 0.446252 0.142595
v -0.848088 0.470044 0.275892
v -0.860888 0.486101 0.306523
v -0.860888 0.498188 0.287550
v -0.848088 0.457957 0.294865
v -0.848088 0.470044 0.275892
v -0.860888 0.431720 0.280215
v -0.860888 0.446252 0.257405
v 0.835113 0.487285 0.189776
v 0.835113 0.518393 0.080101
v 0.835113 0.582168 0.106518
v 0.835113 0.487285 0.092986
v 0.835113 0.582168 0.189776
v -0.610888 0.586796 0.133570
v -0.610888 0.597560 0.112893
v -0.610394 0.586218 0.132175
v -0.598088 0.569737 0.101369
v -0.598088 0.559467 0.121095
v -0.610888 0.541915 0.089844
v -0.610888 0.531646 0.109571
v -0.598088 0.470044 0.124108
v -0.610888 0.486101 0.093477
v -0.598088 0.457957 0.105135
v -0.610888 0.498188 0.112450
v -0.610888 0.431720 0.119785
v -0.598088 0.470044 0.124108
v -0.610888 0.446252 0.142595
v -0.598088 0.569737 0.298631
v -0.610394 0.586218 0.267825
v -0.598088 0.559467 0.278905
v -0.610888 0.597560 0.287107
v -0.610888 0.586796 0.266430
v -0.610888 0.541915 0.310156
v -0.610888 0.531646 0.290429
v -0.598088 0.470044 0.275892
v -0.610888 0.486101 0.306523
v -0.610888 0.498188 0.287550
v -0.598088 0.457957 0.294865
v -0.598088 0.470044 0.275892
v -0.610888 0.431720 0.280215
v -0.610888 0.446252 0.257405
v -0.360888 0.586796 0.133570
v -0.360888 0.597560 0.112893
v -0.360394 0.586218 0.132175
v -0.348088 0.569737 0.101369
v -0.348088 0.559467 0.121095
v -0.360888 0.541915 0.089844
v -0.360888 0.531646 0.109571
v -0.348088 0.569737 0.298631
v -0.360394 0.586218 0.267825
v -0.348088 0.559467 0.278905
v -0.360888 0.597560 0.287107
v -0.360888 0.586796 0.266430
v -0.360888 0.541915 0.310156
v -0.360888 0.531646 0.290429
v -0.348088 0.470044 0.124108
v -0.360888 0.486101 0.093477
v -0.348088 0.457957 0.105135
v -0.360888 0.498188 0.112450
v -0.360888 0.431720 0.119785
v -0.348088 0.470044 0.124108
v -0.360888 0.446252 0.142595
v -0.348088 0.470044 0.275892
v -0.360888 0.486101 0.306523
v -0.360888 0.498188 0.287550
v -0.348088 0.457957 0.294865
v -0.348088 0.470044 0.275892
v -0.360888 0.431720 0.280215
v -0.360888 0.446252 0.257405
v -0.111654 0.801638 0.298297
v -0.004121 0.801638 0.298297
v -0.111654 0.899935 0.339013
v -0.004121 0.899935 0.339013
v -0.004121 0.760923 0.200000
v -0.111654 0.760923 0.200000
v -0.004121 0.801638 0.101703
v -0.111654 0.801638 0.101703
v -0.004121 0.899935 0.060987
v -0.111654 0.899935 0.060987
v -0.004121 0.998234 0.101703
v -0.111654 0.998234 0.101703
v -0.004121 1.038950 0.200000
v -0.111654 1.038950 0.200000
v -0.004121 0.998234 0.298297
v -0.111654 0.998234 0.298297
v -0.004121 0.899935 0.339013
v -0.111654 0.899935 0.339013
v 1.809839 0.799636 0.300299
v 1.679378 0.899935 0.341844
v 1.679378 0.799636 0.300299
v 1.809839 0.899935 0.341844
v 1.809839 0.758091 0.200000
v 1.679378 0.758091 0.200000
v 1.809839 0.799636 0.099701
v 1.679378 0.799636 0.099701
v 1.809839 0.899935 0.058156
v 1.679378 0.899935 0.058156
v 1.809839 1.000235 0.099701
v 1.679378 1.000235 0.099701
v 1.809839 1.041779 0.200000
v 1.679378 1.041779 0.200000
v 1.809839 1.000235 0.300299
v 1.679378 1.000235 0.300299
v 1.809839 0.899935 0.341844
v 1.679378 0.899935 0.341844
v 0.523569 0.839266 0.260670
v 0.915712 0.839266 0.260670
v 0.915712 0.899935 0.285800
v 0.523569 0.899935 0.285800
v 1.307855 0.899935 0.285800
v 1.307855 0.839266 0.260670
v 0.523569 0.814136 0.200000
v 0.915712 0.814136 0.200000
v 1.307855 0.839266 0.260670
v 1.307855 0.814136 0.200000
v 0.523569 0.839266 0.139330
v 0.915712 0.839266 0.139330
v 1.307855 0.814136 0.200000
v 1.307855 0.839266 0.139330
v 0.523569 0.899935 0.114200
v 0.915712 0.899935 0.114200
v 1.307855 0.839266 0.139330
v 1.307855 0.899935 0.114200
v 0.523569 0.960605 0.139330
v 0.915712 0.960605 0.139330
v 1.307855 0.899935 0.114200
v 1.307855 0.960605 0.139330
v 0.523569 0.985735 0.200000
v 0.915712 0.985735 0.200000
v 1.307855 0.960605 0.139330
v 1.307855 0.985735 0.200000
v 0.523569 0.960605 0.260670
v 0.915712 0.960605 0.260670
v 0.523569 0.899935 0.285800
v 1.307855 0.985735 0.200000
v 1.307855 0.960605 0.260670
v 0.915712 0.899935 0.285800
v 1.307855 0.960605 0.260670
v 1.307855 0.899935 0.285800
v 1.615488 0.307487 0.287407
v 1.040300 0.307487 0.287407
v 1.615487 0.307487 0.112593
v 1.040300 0.307487 0.112593
v 0.523569 0.960605 0.260670
v 0.070306 0.899935 0.326376
v 0.523569 0.899935 0.285800
v -0.004121 0.899935 0.326376
v -0.004121 0.989297 0.289361
v 0.070306 0.989297 0.289361
v -0.004121 1.026311 0.200000
v 0.070306 1.026311 0.200000
v 0.523569 0.985735 0.200000
v -0.004121 0.989297 0.110639
v 0.523569 0.960605 0.139330
v 0.070306 0.989297 0.110639
v -0.004121 0.899935 0.073624
v 0.070306 0.899935 0.073624
v 0.523569 0.899935 0.114200
v -0.004121 0.810575 0.110639
v 0.523569 0.839266 0.139330
v 0.070306 0.810575 0.110639
v -0.004121 0.773561 0.200000
v 0.070306 0.773561 0.200000
v 0.523569 0.814136 0.200000
v -0.004121 0.810575 0.289361
v 0.523569 0.839266 0.260670
v 0.070306 0.810575 0.289361
v -0.004121 0.899935 0.326376
v 0.070306 0.899935 0.326376
v 0.523569 0.899935 0.285800
v -0.111654 0.801638 0.101703
v -0.111654 0.899935 0.088789
v -0.111654 0.899935 0.060987
v -0.111654 0.978574 0.121362
v -0.111654 0.821298 0.121362
v -0.111654 0.998234 0.101703
v -0.111654 0.760923 0.200000
v -0.111654 1.011146 0.200000
v -0.111654 0.788726 0.200000
v -0.111654 1.038950 0.200000
v -0.111654 0.821298 0.278638
v -0.111654 0.998234 0.298297
v -0.111654 0.801638 0.298297
v -0.111654 0.899935 0.311211
v -0.111654 0.899935 0.339013
v -0.111654 0.978574 0.278638
v -0.111654 0.899935 0.339013
v -0.111654 0.899935 0.311211
v -0.110887 0.586796 0.133570
v -0.110887 0.597560 0.112893
v -0.110394 0.586218 0.132175
v -0.098087 0.569737 0.101369
v -0.098087 0.559467 0.121095
v -0.110887 0.541915 0.089844
v -0.110887 0.531646 0.109571
v -0.098087 0.470044 0.124108
v -0.110887 0.486101 0.093477
v -0.098087 0.457957 0.105135
v -0.110887 0.498188 0.112450
v -0.110887 0.431720 0.119786
v -0.098087 0.470044 0.124108
v -0.110887 0.446252 0.142595
v -0.098087 0.569737 0.298631
v -0.110394 0.586218 0.267825
v -0.098087 0.559467 0.278905
v -0.110887 0.597560 0.287107
v -0.110887 0.586796 0.266430
v -0.110887 0.541915 0.310156
v -0.110887 0.531646 0.290429
v -0.098087 0.470044 0.275892
v -0.110887 0.486101 0.306523
v -0.110887 0.498188 0.287550
v -0.098087 0.457957 0.294865
v -0.098087 0.470044 0.275892
v -0.110887 0.431720 0.280214
v -0.110887 0.446252 0.257405
v -0.002778 0.788726 0.200000
v -0.111654 0.788726 0.200000
v -0.002778 0.821298 0.278638
v -0.111654 0.821298 0.278638
v -0.002778 0.899935 0.311211
v -0.111654 0.899935 0.311211
v -0.111654 0.821298 0.121362
v -0.002778 0.821298 0.121362
v -0.111654 0.899935 0.088789
v -0.002778 0.899935 0.088789
v -0.111654 0.978574 0.121362
v -0.002778 0.978574 0.121362
v -0.111654 1.011146 0.200000
v -0.002778 1.011146 0.200000
v -0.111654 0.978574 0.278638
v -0.002778 0.978574 0.278638
v -0.111654 0.899935 0.311211
v -0.002778 0.899935 0.311211
v -1.088887 0.398494 0.200000
v -0.360888 0.431720 0.280215
v -0.488889 0.431720 0.280215
v -0.238889 0.431720 0.280215
v -0.610888 0.431720 0.280215
v -0.110887 0.431720 0.280214
v -0.738889 0.431720 0.280215
v -0.860888 0.431720 0.280215
v 0.011113 0.431720 0.280214
v -0.988888 0.431720 0.280215
v -1.088887 0.433612 0.284781
v -1.088887 0.398494 0.200000
v 0.139113 0.431720 0.119786
v 2.589878 0.398494 0.200000
v 2.589878 0.433612 0.115219
v 0.011113 0.431720 0.119786
v -0.110887 0.431720 0.119786
v -0.238889 0.431720 0.119785
v -0.360888 0.431720 0.119785
v -0.488889 0.431720 0.119785
v -0.610888 0.431720 0.119785
v -0.738889 0.431720 0.119785
v -0.860888 0.431720 0.119785
v 0.139113 0.431720 0.280214
v 2.589878 0.398494 0.200000
v 2.589878 0.433612 0.284781
v -1.088887 0.518393 0.319899
v -1.001688 0.457957 0.294865
v -0.988888 0.486101 0.306523
v -0.860888 0.486101 0.306523
v -0.738889 0.486101 0.306523
v -0.848088 0.457957 0.294865
v -0.751688 0.457957 0.294865
v -0.610888 0.486101 0.306523
v -0.488889 0.486101 0.306523
v -0.598088 0.457957 0.294865
v -0.501688 0.457957 0.294865
v -0.360888 0.486101 0.306523
v -0.238889 0.486101 0.306523
v -0.348088 0.457957 0.294865
v -0.251688 0.457957 0.294865
v -0.110887 0.486101 0.306523
v -0.738889 0.431720 0.280215
v -0.848088 0.457957 0.294865
v -0.860888 0.431720 0.280215
v -0.751688 0.457957 0.294865
v -0.488889 0.431720 0.280215
v -0.598088 0.457957 0.294865
v -0.610888 0.431720 0.280215
v -0.501688 0.457957 0.294865
v -0.238889 0.431720 0.280215
v -0.348088 0.457957 0.294865
v -0.360888 0.431720 0.280215
v -0.251688 0.457957 0.294865
v -0.110887 0.431720 0.280214
v -0.001688 0.457957 0.294865
v -0.098087 0.457957 0.294865
v 0.011113 0.431720 0.280214
v -0.598088 0.457957 0.105135
v -0.501688 0.457957 0.105135
v -0.488889 0.431720 0.119785
v -0.610888 0.431720 0.119785
v -0.848088 0.457957 0.105135
v -0.751688 0.457957 0.105135
v -0.738889 0.431720 0.119785
v -0.860888 0.431720 0.119785
v -0.348088 0.457957 0.105135
v -0.251688 0.457957 0.105135
v -0.238889 0.431720 0.119785
v -0.360888 0.431720 0.119785
v -0.001688 0.457957 0.105135
v -0.110887 0.431720 0.119786
v -0.098087 0.457957 0.105135
v 0.011113 0.431720 0.119786
v -0.098087 0.457957 0.294865
v -0.001688 0.457957 0.294865
v 0.011113 0.486101 0.306523
v 0.139113 0.486101 0.306523
v 2.589878 0.518393 0.319899
v 0.151913 0.457957 0.294865
v 2.589878 0.476002 0.302340
v 2.589878 0.433612 0.284781
v 0.139113 0.431720 0.280214
v -0.988888 0.431720 0.119785
v -1.088887 0.433612 0.115219
v -1.088887 0.476002 0.097660
v -1.001688 0.457957 0.105135
v -0.988888 0.486101 0.093477
v -1.088887 0.518393 0.080101
v -0.860888 0.486101 0.093477
v -0.738889 0.486101 0.093477
v -0.848088 0.457957 0.105135
v -0.751688 0.457957 0.105135
v -0.610888 0.486101 0.093477
v -0.488889 0.486101 0.093477
v -0.598088 0.457957 0.105135
v -0.501688 0.457957 0.105135
v -0.360888 0.486101 0.093477
v -0.238889 0.486101 0.093477
v -0.348088 0.457957 0.105135
v -0.251688 0.457957 0.105135
v -0.110887 0.486101 0.093477
v 0.835113 0.518393 0.080101
v -0.001688 0.457957 0.105135
v -0.098087 0.457957 0.105135
v 0.011113 0.486101 0.093477
v 0.139113 0.486101 0.093477
v 0.151913 0.457957 0.105135
v 0.835113 0.487285 0.092986
v 0.139113 0.431720 0.119786
v 1.364555 0.487285 0.092986
v 2.589878 0.433612 0.115219
v 1.514816 0.487285 0.092986
v 1.755113 0.487285 0.092986
v 2.589878 0.518393 0.080101
v 1.755113 0.518393 0.080101
v 1.755113 0.518393 0.080101
v 2.589878 0.603174 0.115219
v 1.728716 0.542168 0.089949
v 1.364555 0.582168 0.106518
v 1.514816 0.542168 0.089949
v 0.139113 0.597558 0.112893
v 0.835113 0.582168 0.106518
v -1.088887 0.603174 0.115219
v 0.151913 0.569737 0.101369
v 0.835113 0.518393 0.080101
v 0.139113 0.541915 0.089844
v 0.011113 0.541915 0.089844
v -0.110887 0.541915 0.089844
v -0.001688 0.569737 0.101369
v -1.088887 0.518393 0.080101
v 0.011113 0.597558 0.112893
v -0.098087 0.569737 0.101369
v -0.110887 0.597560 0.112893
v -0.238889 0.597560 0.112893
v -0.348088 0.569737 0.101369
v -0.360888 0.597560 0.112893
v -0.488889 0.597560 0.112893
v -0.598088 0.569737 0.101369
v -0.610888 0.597560 0.112893
v -0.738889 0.597560 0.112893
v -0.848088 0.569737 0.101369
v -0.860888 0.597560 0.112893
v -0.988888 0.597560 0.112893
v -1.001688 0.569737 0.101369
v -1.001688 0.457957 0.294865
v -1.088887 0.433612 0.284781
v -0.988888 0.431720 0.280215
v 1.083719 0.469103 0.297119
v 1.022660 0.177839 0.297119
v 1.083719 0.208609 0.297119
v 0.389067 0.296067 0.297119
v 0.289067 0.469103 0.297119
v 0.289067 0.403393 0.297119
v 0.139113 0.541915 0.310156
v 0.151913 0.569737 0.298631
v -1.088887 0.518393 0.319899
v 2.589878 0.603174 0.284781
v 0.139113 0.597558 0.287107
v 0.011113 0.541915 0.310156
v -0.001688 0.569737 0.298631
v -0.110887 0.541915 0.310156
v -1.088887 0.603174 0.284781
v 0.011113 0.597558 0.287107
v -0.098087 0.569737 0.298631
v -0.110887 0.597560 0.287107
v -0.238889 0.597560 0.287107
v -0.348088 0.569737 0.298631
v -0.360888 0.597560 0.287107
v -0.488889 0.597560 0.287107
v -0.598088 0.569737 0.298631
v -0.610888 0.597560 0.287107
v -0.738889 0.597560 0.287107
v -0.848088 0.569737 0.298631
v -0.860888 0.597560 0.287107
v -0.988888 0.597560 0.287107
v -1.001688 0.569737 0.298631
v -0.001688 0.569737 0.298631
v -0.098087 0.569737 0.298631
v -0.110887 0.541915 0.310156
v 0.011113 0.597558 0.287107
v -0.738889 0.597560 0.287107
v -0.848088 0.569737 0.298631
v -0.751688 0.569737 0.298631
v -0.860888 0.541915 0.310156
v -0.238889 0.597560 0.287107
v -0.348088 0.569737 0.298631
v -0.251688 0.569737 0.298631
v -0.360888 0.541915 0.310156
v -0.488889 0.597560 0.287107
v -0.598088 0.569737 0.298631
v -0.501688 0.569737 0.298631
v -0.610888 0.541915 0.310156
v -1.088887 0.518393 0.319899
v -0.610888 0.541915 0.310156
v -0.738889 0.541915 0.310156
v -0.488889 0.541915 0.310156
v -0.360888 0.541915 0.310156
v -0.238889 0.541915 0.310156
v -0.110887 0.541915 0.310156
v -0.751688 0.569737 0.298631
v -0.860888 0.541915 0.310156
v -0.738889 0.541915 0.310156
v -0.988888 0.541915 0.310156
v -0.488889 0.541915 0.310156
v -0.610888 0.541915 0.310156
v -0.501688 0.569737 0.298631
v -0.360888 0.541915 0.310156
v -0.238889 0.541915 0.310156
v -0.251688 0.569737 0.298631
v -1.088887 0.603174 0.284781
v -0.110887 0.597560 0.287107
v 0.011113 0.597558 0.287107
v -0.738889 0.597560 0.287107
v -0.860888 0.597560 0.287107
v -0.610888 0.597560 0.287107
v -0.488889 0.597560 0.287107
v -0.360888 0.597560 0.287107
v -0.238889 0.597560 0.287107
v -0.988888 0.431720 0.119785
v -1.088887 0.433612 0.115219
v -1.001688 0.457957 0.105135
v 0.289067 0.403393 0.102881
v 0.289067 0.403393 0.297119
v 0.289067 0.469103 0.102881
v 0.289067 0.469103 0.297119
v 0.389067 0.296067 0.297119
v 0.389067 0.296067 0.102881
v 1.022660 0.177839 0.297119
v 1.022660 0.177839 0.102881
v 1.083719 0.208609 0.102881
v 1.083719 0.208609 0.297119
v 1.083719 0.469103 0.102881
v 0.389067 0.296067 0.102881
v 0.289067 0.469103 0.102881
v 0.289067 0.403393 0.102881
v 1.022660 0.177839 0.102881
v 1.083719 0.208609 0.102881
v -0.001688 0.569737 0.101369
v -0.098087 0.569737 0.101369
v 0.011113 0.597558 0.112893
v -0.110887 0.541915 0.089844
v -0.848088 0.569737 0.101369
v -0.738889 0.597560 0.112893
v -0.751688 0.569737 0.101369
v -0.860888 0.541915 0.089844
v -0.348088 0.569737 0.101369
v -0.238889 0.597560 0.112893
v -0.251688 0.569737 0.101369
v -0.360888 0.541915 0.089844
v -0.598088 0.569737 0.101369
v -0.488889 0.597560 0.112893
v -0.501688 0.569737 0.101369
v -0.610888 0.541915 0.089844
v -0.738889 0.541915 0.089844
v -0.860888 0.541915 0.089844
v -0.751688 0.569737 0.101369
v -0.988888 0.541915 0.089844
v -0.360888 0.541915 0.089844
v -0.238889 0.541915 0.089844
v -0.251688 0.569737 0.101369
v -0.488889 0.541915 0.089844
v -0.610888 0.541915 0.089844
v -0.501688 0.569737 0.101369
v -0.610888 0.541915 0.089844
v -1.088887 0.518393 0.080101
v -0.738889 0.541915 0.089844
v -0.488889 0.541915 0.089844
v -0.360888 0.541915 0.089844
v -0.238889 0.541915 0.089844
v -0.110887 0.541915 0.089844
v 0.011113 0.541915 0.089844
v 0.835113 0.518393 0.080101
v -0.110887 0.597560 0.112893
v -1.088887 0.603174 0.115219
v 0.011113 0.597558 0.112893
v -0.738889 0.597560 0.112893
v -0.860888 0.597560 0.112893
v -0.610888 0.597560 0.112893
v -0.488889 0.597560 0.112893
v -0.360888 0.597560 0.112893
v -0.238889 0.597560 0.112893
v 1.615488 0.307487 0.287407
v 1.040300 0.387486 0.287407
v 1.040300 0.307487 0.287407
v 1.730488 0.387486 0.287407
v 1.705487 0.469103 0.287407
v 1.040300 0.469103 0.287407
v 2.575112 0.181701 0.281278
v 2.485113 0.011700 0.281278
v 2.585113 0.011700 0.281278
v 2.495112 0.181701 0.281278
v 2.575112 0.451701 0.297533
v 2.495112 0.451701 0.297533
v 2.375113 0.181701 0.281278
v 2.195112 0.051701 0.281278
v 2.075112 0.241700 0.281278
v 2.115113 0.051701 0.281278
v 1.965113 0.131700 0.281278
v 1.985113 0.431701 0.281278
v 1.825112 0.431701 0.281278
v 2.050323 0.017717 0.281278
v 1.949903 0.075683 0.281278
v 1.983490 0.020801 0.281278
v 1.615487 0.307487 0.112593
v 1.040300 0.387486 0.112593
v 1.730487 0.387486 0.112593
v 1.040300 0.307487 0.112593
v 1.705487 0.469103 0.112593
v 1.040300 0.469103 0.112593
v 1.607854 0.004635 0.279666
v 1.263461 0.334308 0.279666
v 1.355561 -0.055044 0.279666
v 1.515751 0.393988 0.279666
v 1.607854 0.004635 0.279666
v 1.355561 -0.055044 0.279666
v 1.614192 -0.022162 0.279666
v 1.335103 -0.088182 0.279666
v 1.614192 -0.022162 0.279666
v 1.347782 -0.141779 0.279666
v 1.626872 -0.075761 0.279666
v 1.335103 -0.088182 0.279666
v 2.485113 0.011700 0.118722
v 2.495112 0.181701 0.118722
v 2.575112 0.181701 0.118722
v 2.585113 0.011700 0.118722
v 2.495112 0.451701 0.102467
v 2.575112 0.451701 0.102467
v 2.375113 0.181701 0.118722
v 2.195112 0.051701 0.118722
v 2.075112 0.241700 0.118722
v 2.115113 0.051701 0.118722
v 1.965113 0.131700 0.118722
v 1.985113 0.431701 0.118722
v 1.825112 0.431701 0.118722
v 2.050323 0.017717 0.118722
v 1.949903 0.075683 0.118722
v 1.983490 0.020801 0.118722
v 1.607854 0.004635 0.120334
v 1.263461 0.334308 0.120334
v 1.515751 0.393988 0.120334
v 1.355561 -0.055044 0.120334
v 1.614192 -0.022162 0.120334
v 1.355561 -0.055044 0.120334
v 1.607854 0.004635 0.120334
v 1.335103 -0.088182 0.120334
v 1.626872 -0.075761 0.120334
v 1.347782 -0.141779 0.120334
v 1.614192 -0.022162 0.120334
v 1.335103 -0.088182 0.120334
v -1.088887 0.638292 0.200000
v 2.589878 0.638292 0.200000
v -1.088887 0.603174 0.284781
v -1.088887 0.518393 0.319899
v -1.001688 0.569737 0.298631
v -0.988888 0.541915 0.310156
v -1.088887 0.603174 0.115219
v -1.001688 0.569737 0.101369
v -1.088887 0.518393 0.080101
v -0.988888 0.541915 0.089844
v 2.589878 0.603174 0.115219
v -1.088887 0.638292 0.200000
v 2.589878 0.638292 0.200000
v -2.589878 0.478424 0.239969
v 0.250867 0.478424 0.239969
v 0.250867 0.518393 0.256525
v -2.589878 0.518393 0.256525
v -2.589878 0.461868 0.200000
v 0.250867 0.461868 0.200000
v -2.589878 0.478424 0.160031
v 0.250867 0.478424 0.160031
v -2.589878 0.518393 0.143475
v 0.250867 0.518393 0.143475
v -2.589878 0.558362 0.160031
v 0.250867 0.558362 0.160031
v -2.589878 0.574918 0.200000
v 0.250867 0.574918 0.200000
v -2.589878 0.558362 0.239969
v 0.250867 0.558362 0.239969
v -2.589878 0.518393 0.256525
v 0.250867 0.518393 0.256525
v 1.728716 0.542168 0.189776
v 1.514816 0.542168 0.189776
v 1.728716 0.542168 0.089949
v 1.514816 0.542168 0.089949
v -0.610888 0.486101 0.093477
v -0.738889 0.498188 0.112450
v -0.738889 0.486101 0.093477
v -0.610888 0.498188 0.112450
v -0.360888 0.486101 0.093477
v -0.488889 0.498188 0.112450
v -0.488889 0.486101 0.093477
v -0.360888 0.498188 0.112450
v -0.110887 0.486101 0.093477
v -0.238889 0.498188 0.112450
v -0.238889 0.486101 0.093477
v -0.110887 0.498188 0.112450
v 0.139113 0.486101 0.093477
v 0.011113 0.498188 0.112450
v 0.011113 0.486101 0.093477
v 0.139113 0.498188 0.112450
v -0.860888 0.486101 0.093477
v -0.988888 0.498188 0.112450
v -0.988888 0.486101 0.093477
v -0.860888 0.498188 0.112450
v 0.139113 0.586796 0.266430
v 0.011113 0.597558 0.287107
v 0.011113 0.586796 0.266430
v 0.139113 0.597558 0.287107
v 0.011113 0.486101 0.306523
v -0.001688 0.470044 0.275892
v 0.011113 0.498188 0.287550
v -0.001688 0.457957 0.294865
v 0.139113 0.486101 0.306523
v 0.139113 0.498188 0.287550
v 0.835113 0.582168 0.189776
v 1.364555 0.582168 0.189776
v 1.364555 0.487285 0.189776
v 0.835113 0.487285 0.189776
v 1.514816 0.542168 0.189776
v 1.514816 0.487285 0.189776
v 1.728716 0.542168 0.189776
v 1.514816 0.487285 0.189776
v 1.755113 0.487285 0.189776
v 1.755113 0.519812 0.189776
v -0.610888 0.586796 0.133570
v -0.738889 0.597560 0.112893
v -0.610888 0.597560 0.112893
v -0.738889 0.586796 0.133570
v -0.360888 0.586796 0.133570
v -0.488889 0.597560 0.112893
v -0.360888 0.597560 0.112893
v -0.488889 0.586796 0.133570
v -0.238889 0.597560 0.112893
v -0.110887 0.597560 0.112893
v -0.110887 0.586796 0.133570
v -0.238889 0.586796 0.133570
v 0.139113 0.586796 0.133570
v 0.011113 0.597558 0.112893
v 0.139113 0.597558 0.112893
v 0.011113 0.586796 0.133570
v -0.860888 0.586796 0.133570
v -0.988888 0.597560 0.112893
v -0.860888 0.597560 0.112893
v -0.988888 0.586796 0.133570
v 1.364555 0.582168 0.189776
v 0.835113 0.582168 0.189776
v 1.364555 0.582168 0.106518
v 0.835113 0.582168 0.106518
v 0.011113 0.486101 0.093477
v -0.001688 0.470044 0.124108
v -0.001688 0.457957 0.105135
v 0.011113 0.498188 0.112450
v -0.238889 0.486101 0.306523
v -0.251688 0.470044 0.275892
v -0.238889 0.498188 0.287550
v -0.251688 0.457957 0.294865
v -0.110887 0.486101 0.306523
v -0.110887 0.498188 0.287550
v -0.488889 0.586796 0.133570
v -1.057768 0.614311 0.200000
v -0.610888 0.586796 0.133570
v -0.489381 0.586218 0.132175
v -0.610394 0.586218 0.132175
v -0.738889 0.586796 0.133570
v -0.360888 0.586796 0.133570
v -0.860888 0.586796 0.133570
v -0.739381 0.586218 0.132175
v -0.860394 0.586218 0.132175
v -0.988888 0.586796 0.133570
v -1.057768 0.586218 0.132175
v -0.989381 0.586218 0.132175
v 0.262218 0.614311 0.200000
v -0.239381 0.586218 0.132175
v -0.360394 0.586218 0.132175
v -0.238889 0.586796 0.133570
v -0.110887 0.586796 0.133570
v 0.010619 0.586218 0.132175
v -0.110394 0.586218 0.132175
v 0.011113 0.586796 0.133570
v 0.139113 0.586796 0.133570
v 0.262218 0.586218 0.132175
v 0.139606 0.586218 0.132175
v -0.110887 0.586796 0.266430
v 0.262218 0.614311 0.200000
v 0.011113 0.586796 0.266430
v 0.010619 0.586218 0.267825
v -0.110394 0.586218 0.267825
v 0.139113 0.586796 0.266430
v -0.238889 0.586796 0.266430
v 0.262218 0.586218 0.267825
v 0.139606 0.586218 0.267825
v -0.360888 0.586796 0.266430
v -0.239381 0.586218 0.267825
v -0.360394 0.586218 0.267825
v -1.057768 0.614311 0.200000
v -0.488889 0.586796 0.266430
v -0.610888 0.586796 0.266430
v -0.489381 0.586218 0.267825
v -0.610394 0.586218 0.267825
v -0.738889 0.586796 0.266430
v -0.860888 0.586796 0.266430
v -0.739381 0.586218 0.267825
v -0.860394 0.586218 0.267825
v -0.988888 0.586796 0.266430
v -1.057768 0.586218 0.267825
v -0.989381 0.586218 0.267825
v 0.011113 0.597558 0.112893
v 0.010619 0.586218 0.132175
v -0.001688 0.569737 0.101369
v 0.011113 0.586796 0.133570
v -0.001688 0.559467 0.121095
v 0.011113 0.541915 0.089844
v 0.011113 0.531646 0.109571
v 0.011113 0.586796 0.266430
v 0.011113 0.597558 0.287107
v 0.010619 0.586218 0.267825
v -0.001688 0.569737 0.298631
v -0.001688 0.559467 0.278905
v 0.011113 0.541915 0.310156
v 0.011113 0.531646 0.290429
v -0.738889 0.541915 0.089844
v -0.610888 0.531646 0.109571
v -0.610888 0.541915 0.089844
v -0.738889 0.531646 0.109571
v -0.488889 0.541915 0.089844
v -0.360888 0.531646 0.109571
v -0.360888 0.541915 0.089844
v -0.488889 0.531646 0.109571
v -0.238889 0.541915 0.089844
v -0.110887 0.531646 0.109571
v -0.110887 0.541915 0.089844
v -0.238889 0.531646 0.109571
v 0.011113 0.541915 0.089844
v 0.139113 0.531646 0.109571
v 0.139113 0.541915 0.089844
v 0.011113 0.531646 0.109571
v -0.988888 0.541915 0.089844
v -0.860888 0.531646 0.109571
v -0.860888 0.541915 0.089844
v -0.988888 0.531646 0.109571
v -0.610888 0.446252 0.257405
v -0.738889 0.446252 0.257405
v -0.738889 0.431720 0.280215
v -0.610888 0.431720 0.280215
v -0.360888 0.446252 0.257405
v -0.488889 0.446252 0.257405
v -0.488889 0.431720 0.280215
v -0.360888 0.431720 0.280215
v -0.238889 0.446252 0.257405
v -0.110887 0.431720 0.280214
v -0.110887 0.446252 0.257405
v -0.238889 0.431720 0.280215
v 0.139113 0.446252 0.257405
v 0.011113 0.446252 0.257405
v 0.011113 0.431720 0.280214
v 0.139113 0.431720 0.280214
v -0.860888 0.446252 0.257405
v -0.988888 0.446252 0.257405
v -0.988888 0.431720 0.280215
v -0.860888 0.431720 0.280215
v -0.004121 0.989297 0.110639
v -0.004121 1.038950 0.200000
v -0.004121 1.026311 0.200000
v -0.004121 0.989297 0.289361
v -0.004121 0.998234 0.101703
v -0.004121 0.998234 0.298297
v -0.004121 0.899935 0.339013
v -0.004121 0.899935 0.326376
v -0.004121 0.899935 0.060987
v -0.004121 0.899935 0.073624
v -0.004121 0.801638 0.101703
v -0.004121 0.810575 0.110639
v -0.004121 0.760923 0.200000
v -0.004121 0.773561 0.200000
v -0.004121 0.810575 0.289361
v -0.004121 0.801638 0.298297
v -0.004121 0.899935 0.326376
v -0.004121 0.899935 0.339013
v -0.738889 0.431720 0.119785
v -0.610888 0.446252 0.142595
v -0.610888 0.431720 0.119785
v -0.738889 0.446252 0.142595
v -0.488889 0.431720 0.119785
v -0.360888 0.446252 0.142595
v -0.360888 0.431720 0.119785
v -0.488889 0.446252 0.142595
v -0.110887 0.431720 0.119786
v -0.238889 0.446252 0.142595
v -0.110887 0.446252 0.142595
v -0.238889 0.431720 0.119785
v 0.011113 0.431720 0.119786
v 0.139113 0.446252 0.142595
v 0.139113 0.431720 0.119786
v 0.011113 0.446252 0.142595
v -0.988888 0.431720 0.119785
v -0.860888 0.446252 0.142595
v -0.860888 0.431720 0.119785
v -0.988888 0.446252 0.142595
v -0.610888 0.531646 0.290429
v -0.738889 0.531646 0.290429
v -0.738889 0.541915 0.310156
v -0.610888 0.541915 0.310156
v -0.360888 0.531646 0.290429
v -0.488889 0.531646 0.290429
v -0.488889 0.541915 0.310156
v -0.360888 0.541915 0.310156
v -0.238889 0.541915 0.310156
v -0.110887 0.531646 0.290429
v -0.238889 0.531646 0.290429
v -0.110887 0.541915 0.310156
v 0.139113 0.531646 0.290429
v 0.011113 0.531646 0.290429
v 0.011113 0.541915 0.310156
v 0.139113 0.541915 0.310156
v -0.860888 0.531646 0.290429
v -0.988888 0.531646 0.290429
v -0.988888 0.541915 0.310156
v -0.860888 0.541915 0.310156
v 0.011113 0.431720 0.280214
v -0.001688 0.470044 0.275892
v -0.001688 0.457957 0.294865
v 0.011113 0.446252 0.257405
v -0.251688 0.559467 0.121095
v -0.348088 0.559467 0.121095
v -0.238889 0.531646 0.109571
v -0.239381 0.586218 0.132175
v -0.360394 0.586218 0.132175
v -0.360888 0.531646 0.109571
v 0.262218 0.518393 0.104081
v -0.110887 0.531646 0.109571
v -1.057768 0.518393 0.104081
v -0.488889 0.531646 0.109571
v 0.011113 0.531646 0.109571
v 0.139113 0.531646 0.109571
v -0.001688 0.559467 0.121095
v 0.151913 0.559467 0.121095
v 0.262218 0.586218 0.132175
v 0.139606 0.586218 0.132175
v -0.098087 0.559467 0.121095
v 0.010619 0.586218 0.132175
v -0.110394 0.586218 0.132175
v -0.598088 0.559467 0.121095
v -0.501688 0.559467 0.121095
v -0.489381 0.586218 0.132175
v -0.610394 0.586218 0.132175
v -0.610888 0.531646 0.109571
v -0.738889 0.531646 0.109571
v -0.860888 0.531646 0.109571
v -0.988888 0.531646 0.109571
v -0.848088 0.559467 0.121095
v -1.001688 0.559467 0.121095
v -1.057768 0.586218 0.132175
v -0.989381 0.586218 0.132175
v -0.751688 0.559467 0.121095
v -0.739381 0.586218 0.132175
v -0.860394 0.586218 0.132175
v 0.011113 0.431720 0.119786
v -0.001688 0.470044 0.124108
v 0.011113 0.446252 0.142595
v -0.001688 0.457957 0.105135
v 1.364555 0.487285 0.092986
v 0.835113 0.487285 0.092986
v 0.835113 0.487285 0.189776
v 1.364555 0.487285 0.189776
v 1.755113 0.487285 0.092986
v 1.514816 0.487285 0.092986
v 1.514816 0.487285 0.189776
v 1.755113 0.487285 0.189776
v 1.514816 0.487285 0.092986
v 1.364555 0.487285 0.092986
v 1.364555 0.487285 0.189776
v 1.514816 0.487285 0.189776
v -1.057768 0.586218 0.267825
v -1.001688 0.559467 0.278905
v -1.057768 0.518393 0.295919
v -0.989381 0.586218 0.267825
v -0.988888 0.531646 0.290429
v -0.860888 0.531646 0.290429
v -0.738889 0.531646 0.290429
v -0.848088 0.559467 0.278905
v -0.751688 0.559467 0.278905
v -0.739381 0.586218 0.267825
v -0.860394 0.586218 0.267825
v -0.610888 0.531646 0.290429
v -0.488889 0.531646 0.290429
v -0.598088 0.559467 0.278905
v -0.360888 0.531646 0.290429
v -0.501688 0.559467 0.278905
v -0.489381 0.586218 0.267825
v -0.610394 0.586218 0.267825
v 0.262218 0.518393 0.295919
v -0.238889 0.531646 0.290429
v -0.348088 0.559467 0.278905
v -0.251688 0.559467 0.278905
v -0.239381 0.586218 0.267825
v -0.360394 0.586218 0.267825
v -0.110887 0.531646 0.290429
v 0.011113 0.531646 0.290429
v -0.001688 0.559467 0.278905
v 0.139113 0.531646 0.290429
v -0.098087 0.559467 0.278905
v 0.010619 0.586218 0.267825
v -0.110394 0.586218 0.267825
v 0.151913 0.559467 0.278905
v 0.262218 0.586218 0.267825
v 0.139606 0.586218 0.267825
v 0.139113 0.586796 0.133570
v 0.139113 0.597558 0.112893
v 0.139606 0.586218 0.132175
v 0.151913 0.569737 0.101369
v 0.151913 0.559467 0.121095
v 0.139113 0.541915 0.089844
v 0.139113 0.531646 0.109571
v 0.151913 0.569737 0.298631
v 0.139606 0.586218 0.267825
v 0.151913 0.559467 0.278905
v 0.139113 0.597558 0.287107
v 0.139113 0.586796 0.266430
v 0.139113 0.541915 0.310156
v 0.139113 0.531646 0.290429
v 0.151913 0.470044 0.124108
v 0.139113 0.486101 0.093477
v 0.151913 0.457957 0.105135
v 0.139113 0.498188 0.112450
v 0.139113 0.431720 0.119786
v 0.151913 0.470044 0.124108
v 0.139113 0.446252 0.142595
v 0.151913 0.470044 0.275892
v 0.139113 0.486101 0.306523
v 0.139113 0.498188 0.287550
v 0.151913 0.457957 0.294865
v 0.151913 0.470044 0.275892
v 0.139113 0.431720 0.280214
v 0.139113 0.446252 0.257405
v -0.238889 0.586796 0.266430
v -0.238889 0.597560 0.287107
v -0.239381 0.586218 0.267825
v -0.110887 0.586796 0.266430
v -0.110887 0.597560 0.287107
v -0.251688 0.569737 0.298631
v -0.251688 0.559467 0.278905
v -0.238889 0.541915 0.310156
v -0.238889 0.531646 0.290429
v -0.488889 0.486101 0.306523
v -0.501688 0.470044 0.275892
v -0.488889 0.498188 0.287550
v -0.501688 0.457957 0.294865
v -0.360888 0.486101 0.306523
v -0.360888 0.498188 0.287550
v -0.988888 0.498188 0.112450
v -0.860888 0.498188 0.112450
v -1.057768 0.518393 0.104081
v -1.001688 0.470044 0.124108
v -1.057768 0.450568 0.132175
v -0.988888 0.446252 0.142595
v -0.738889 0.498188 0.112450
v -0.848088 0.470044 0.124108
v -0.751688 0.470044 0.124108
v -0.738889 0.446252 0.142595
v -0.860888 0.446252 0.142595
v -0.610888 0.498188 0.112450
v -0.488889 0.498188 0.112450
v -0.598088 0.470044 0.124108
v -0.360888 0.498188 0.112450
v -0.501688 0.470044 0.124108
v -0.488889 0.446252 0.142595
v -0.610888 0.446252 0.142595
v 0.262218 0.518393 0.104081
v -0.238889 0.498188 0.112450
v -0.348088 0.470044 0.124108
v -0.251688 0.470044 0.124108
v -0.238889 0.446252 0.142595
v -0.360888 0.446252 0.142595
v -0.110887 0.498188 0.112450
v 0.011113 0.498188 0.112450
v 0.139113 0.498188 0.112450
v -0.001688 0.470044 0.124108
v 0.151913 0.470044 0.124108
v 0.262218 0.450568 0.132175
v 0.139113 0.446252 0.142595
v -0.098087 0.470044 0.124108
v -0.110887 0.446252 0.142595
v 0.011113 0.446252 0.142595
v -0.251688 0.470044 0.275892
v -0.348088 0.470044 0.275892
v -0.238889 0.498188 0.287550
v -0.238889 0.446252 0.257405
v -0.360888 0.446252 0.257405
v -0.360888 0.498188 0.287550
v 0.262218 0.518393 0.295919
v -0.110887 0.498188 0.287550
v -1.057768 0.518393 0.295919
v -0.488889 0.498188 0.287550
v 0.011113 0.498188 0.287550
v 0.139113 0.498188 0.287550
v -0.001688 0.470044 0.275892
v 0.151913 0.470044 0.275892
v 0.262218 0.450568 0.267825
v 0.139113 0.446252 0.257405
v -0.098087 0.470044 0.275892
v -0.110887 0.446252 0.257405
v 0.011113 0.446252 0.257405
v -0.598088 0.470044 0.275892
v -0.501688 0.470044 0.275892
v -0.488889 0.446252 0.257405
v -0.610888 0.446252 0.257405
v -0.610888 0.498188 0.287550
v -0.738889 0.498188 0.287550
v -0.860888 0.498188 0.287550
v -0.988888 0.498188 0.287550
v -0.848088 0.470044 0.275892
v -1.001688 0.470044 0.275892
v -1.057768 0.450568 0.267825
v -0.988888 0.446252 0.257405
v -0.751688 0.470044 0.275892
v -0.738889 0.446252 0.257405
v -0.860888 0.446252 0.257405
v -0.360888 0.446252 0.142595
v -1.057770 0.422474 0.200000
v 0.262218 0.422474 0.200000
v -0.238889 0.446252 0.142595
v -0.110887 0.446252 0.142595
v 0.011113 0.446252 0.142595
v 0.139113 0.446252 0.142595
v 0.262218 0.450568 0.132175
v -0.488889 0.446252 0.142595
v -0.610888 0.446252 0.142595
v -0.738889 0.446252 0.142595
v -0.860888 0.446252 0.142595
v -0.988888 0.446252 0.142595
v -1.057768 0.450568 0.132175
v -0.360888 0.446252 0.257405
v 0.262218 0.422474 0.200000
v -1.057770 0.422474 0.200000
v -0.238889 0.446252 0.257405
v -0.110887 0.446252 0.257405
v 0.011113 0.446252 0.257405
v 0.139113 0.446252 0.257405
v 0.262218 0.450568 0.267825
v -0.488889 0.446252 0.257405
v -0.610888 0.446252 0.257405
v -0.738889 0.446252 0.257405
v -0.860888 0.446252 0.257405
v -0.988888 0.446252 0.257405
v -1.057768 0.450568 0.267825
v -0.738889 0.486101 0.306523
v -0.751688 0.470044 0.275892
v -0.738889 0.498188 0.287550
v -0.751688 0.457957 0.294865
v -0.610888 0.486101 0.306523
v -0.610888 0.498188 0.287550
v -0.988888 0.586796 0.266430
v -0.988888 0.597560 0.287107
v -0.989381 0.586218 0.267825
v -0.860888 0.586796 0.266430
v -0.860888 0.597560 0.287107
v -1.001688 0.569737 0.298631
v -1.001688 0.559467 0.278905
v -0.488889 0.586796 0.266430
v -0.488889 0.597560 0.287107
v -0.489381 0.586218 0.267825
v -0.360888 0.586796 0.266430
v -0.360888 0.597560 0.287107
v -0.501688 0.569737 0.298631
v -0.501688 0.559467 0.278905
v -0.488889 0.541915 0.310156
v -0.488889 0.531646 0.290429
v -0.988888 0.486101 0.306523
v -1.001688 0.470044 0.275892
v -0.988888 0.498188 0.287550
v -1.001688 0.457957 0.294865
v -0.860888 0.486101 0.306523
v -0.860888 0.498188 0.287550
v 0.262218 0.614311 0.200000
v 0.262218 0.422474 0.200000
v 0.262218 0.518393 0.295919
v 0.262218 0.450568 0.267825
v 0.262218 0.586218 0.267825
v 0.262218 0.518393 0.104081
v 0.262218 0.450568 0.132175
v 0.262218 0.586218 0.132175
v -0.238889 0.486101 0.093477
v -0.251688 0.470044 0.124108
v -0.251688 0.457957 0.105135
v -0.238889 0.498188 0.112450
v -0.738889 0.586796 0.266430
v -0.738889 0.597560 0.287107
v -0.739381 0.586218 0.267825
v -0.610888 0.586796 0.266430
v -0.610888 0.597560 0.287107
v -0.751688 0.569737 0.298631
v -0.751688 0.559467 0.278905
v -0.738889 0.541915 0.310156
v -0.738889 0.531646 0.290429
v -0.238889 0.431720 0.280215
v -0.251688 0.470044 0.275892
v -0.251688 0.457957 0.294865
v -0.238889 0.446252 0.257405
v -0.238889 0.431720 0.119785
v -0.251688 0.470044 0.124108
v -0.238889 0.446252 0.142595
v -0.251688 0.457957 0.105135
v -0.238889 0.597560 0.112893
v -0.239381 0.586218 0.132175
v -0.251688 0.569737 0.101369
v -0.238889 0.586796 0.133570
v -0.251688 0.559467 0.121095
v -0.238889 0.541915 0.089844
v -0.238889 0.531646 0.109571
v 1.681286 0.787761 0.200000
v 1.809839 0.820616 0.279319
v 1.809839 0.787761 0.200000
v 1.681286 0.820616 0.279319
v 1.809839 0.899935 0.312174
v 1.681286 0.899935 0.312174
v 1.681286 0.820616 0.120681
v 1.809839 0.820616 0.120681
v 1.681286 0.899935 0.087826
v 1.809839 0.899935 0.087826
v 1.681286 0.979255 0.120681
v 1.809839 0.979255 0.120681
v 1.681286 1.012111 0.200000
v 1.809839 1.012111 0.200000
v 1.681286 0.979255 0.279319
v 1.809839 0.979255 0.279319
v 1.681286 0.899935 0.312174
v 1.809839 0.899935 0.312174
v 1.364555 0.582168 0.106518
v 1.514816 0.542168 0.089949
v 1.514816 0.542168 0.189776
v 1.364555 0.582168 0.189776
v 2.375113 0.181701 0.118722
v 2.375113 0.181701 0.281278
v 2.495112 0.181701 0.118722
v 2.495112 0.181701 0.281278
v 2.075112 0.241700 0.118722
v 2.075112 0.241700 0.281278
v 1.985113 0.431701 0.118722
v 1.985113 0.431701 0.281278
v 2.495112 0.181701 0.281278
v 2.495112 0.451701 0.297533
v 2.495112 0.451701 0.102467
v -0.488889 0.486101 0.093477
v -0.501688 0.470044 0.124108
v -0.501688 0.457957 0.105135
v -0.488889 0.498188 0.112450
v -0.488889 0.431720 0.119785
v -0.501688 0.470044 0.124108
v -0.488889 0.446252 0.142595
v -0.501688 0.457957 0.105135
v -0.488889 0.431720 0.280215
v -0.501688 0.470044 0.275892
v -0.501688 0.457957 0.294865
v -0.488889 0.446252 0.257405
v -0.488889 0.597560 0.112893
v -0.489381 0.586218 0.132175
v -0.501688 0.569737 0.101369
v -0.488889 0.586796 0.133570
v -0.501688 0.559467 0.121095
v -0.488889 0.541915 0.089844
v -0.488889 0.531646 0.109571
v 1.965113 0.131700 0.118722
v 1.825112 0.431701 0.281278
v 1.825112 0.431701 0.118722
v 1.965113 0.131700 0.281278
v 1.949903 0.075683 0.118722
v 1.949903 0.075683 0.281278
v 1.983490 0.020801 0.118722
v 1.983490 0.020801 0.281278
v 2.050323 0.017717 0.118722
v 2.050323 0.017717 0.281278
v 2.115113 0.051701 0.118722
v 2.115113 0.051701 0.281278
v 2.195112 0.051701 0.118722
v 2.195112 0.051701 0.281278
v 2.485113 0.011700 0.118722
v 2.485113 0.011700 0.281278
v 2.585113 0.011700 0.118722
v 2.585113 0.011700 0.281278
v -0.738889 0.486101 0.093477
v -0.751688 0.470044 0.124108
v -0.751688 0.457957 0.105135
v -0.738889 0.498188 0.112450
v -0.738889 0.431720 0.119785
v -0.751688 0.470044 0.124108
v -0.738889 0.446252 0.142595
v -0.751688 0.457957 0.105135
v -0.738889 0.431720 0.280215
v -0.751688 0.470044 0.275892
v -0.751688 0.457957 0.294865
v -0.738889 0.446252 0.257405
v -0.738889 0.597560 0.112893
v -0.739381 0.586218 0.132175
v -0.751688 0.569737 0.101369
v -0.738889 0.586796 0.133570
v -0.751688 0.559467 0.121095
v -0.738889 0.541915 0.089844
v -0.738889 0.531646 0.109571
v -0.988888 0.597560 0.112893
v -0.989381 0.586218 0.132175
v -1.001688 0.569737 0.101369
v -1.001688 0.559467 0.121095
v -0.988888 0.586796 0.133570
v -0.988888 0.486101 0.093477
v -1.001688 0.470044 0.124108
v -1.001688 0.457957 0.105135
v -0.988888 0.498188 0.112450
v -1.001688 0.559467 0.121095
v -0.988888 0.541915 0.089844
v -1.001688 0.569737 0.101369
v -0.988888 0.531646 0.109571
v -0.988888 0.431720 0.119785
v -1.001688 0.470044 0.124108
v -0.988888 0.446252 0.142595
v -1.001688 0.457957 0.105135
v -1.001688 0.559467 0.278905
v -0.988888 0.541915 0.310156
v -0.988888 0.531646 0.290429
v -1.001688 0.569737 0.298631
v -0.988888 0.431720 0.280215
v -1.001688 0.470044 0.275892
v -1.001688 0.457957 0.294865
v -0.988888 0.446252 0.257405
v 1.755113 0.518393 0.080101
v 1.755113 0.519812 0.189776
v 1.728716 0.542168 0.089949
v 1.728716 0.542168 0.189776
v 1.347782 -0.141779 0.120334
v 1.347782 -0.141779 0.279666
v 1.335103 -0.088182 0.120334
v 1.335103 -0.088182 0.279666
v 1.355561 -0.055044 0.279666
v 1.263461 0.334308 0.279666
v 1.355561 -0.055044 0.120334
v 1.263461 0.334308 0.120334
v 1.335103 -0.088182 0.120334
v 1.335103 -0.088182 0.279666
v 1.355561 -0.055044 0.120334
v 1.355561 -0.055044 0.279666
v 1.679378 0.899935 0.074466
v 1.307855 0.839266 0.139330
v 1.307855 0.899935 0.114200
v 1.307855 0.960605 0.139330
v 1.679378 0.811169 0.111234
v 1.679378 0.988702 0.111234
v 1.679378 0.774401 0.200000
v 1.679378 1.025470 0.200000
v 1.307855 0.814136 0.200000
v 1.307855 0.985735 0.200000
v 1.307855 0.839266 0.260670
v 1.307855 0.960605 0.260670
v 1.679378 0.811169 0.288766
v 1.679378 0.899935 0.325534
v 1.307855 0.899935 0.285800
v 1.679378 0.988702 0.288766
v 1.679378 0.899935 0.325534
v 1.307855 0.899935 0.285800
v 1.679378 1.000235 0.099701
v 1.679378 1.025470 0.200000
v 1.679378 1.041779 0.200000
v 1.679378 1.000235 0.300299
v 1.679378 0.988702 0.111234
v 1.679378 0.988702 0.288766
v 1.679378 0.899935 0.341844
v 1.679378 0.899935 0.325534
v 1.679378 0.899935 0.058156
v 1.679378 0.899935 0.074466
v 1.679378 0.811169 0.111234
v 1.679378 0.799636 0.099701
v 1.679378 0.758091 0.200000
v 1.679378 0.774401 0.200000
v 1.679378 0.811169 0.288766
v 1.679378 0.799636 0.300299
v 1.679378 0.899935 0.341844
v 1.679378 0.899935 0.325534
v 1.755113 0.487285 0.092986
v 1.755113 0.519812 0.189776
v 1.755113 0.518393 0.080101
v 1.755113 0.487285 0.189776
v -0.647358 0.407869 0.173741
v -0.647358 0.381752 0.211039
v -0.637929 0.394811 0.192390
v -0.670124 0.413278 0.166016
v -0.670124 0.376344 0.218764
v -0.692892 0.381752 0.211039
v -0.692892 0.407869 0.173741
v -0.702321 0.394811 0.192390
v -0.729026 0.372407 0.160108
v -0.610972 0.356813 0.182379
v -0.610972 0.372407 0.160108
v -0.729026 0.356813 0.182379
v -0.565064 -0.393278 -0.355082
v -0.774936 -0.393278 -0.187910
v -0.774936 -0.393278 -0.355082
v -0.565064 -0.393278 -0.187910
v -0.774936 -0.351791 -0.355082
v -0.565064 -0.351791 -0.355082
v -0.551382 -0.372535 -0.368764
v -0.788618 -0.372535 -0.368764
v -0.565064 -0.393278 -0.355082
v -0.774936 -0.393278 -0.355082
v -0.610972 -0.258779 -0.221895
v -0.729026 -0.274373 -0.199624
v -0.729026 -0.258779 -0.221895
v -0.610972 -0.274373 -0.199624
v -0.565064 -0.393278 -0.355082
v -0.551382 -0.372533 -0.174228
v -0.565064 -0.393278 -0.187910
v -0.551382 -0.372535 -0.368764
v -0.565064 -0.351791 -0.187910
v -0.565064 -0.351791 -0.355082
v -0.788618 -0.372535 -0.368764
v -0.774936 -0.351791 -0.187910
v -0.774936 -0.351791 -0.355082
v -0.788618 -0.372533 -0.174228
v -0.774936 -0.393278 -0.355082
v -0.774936 -0.393278 -0.187910
v -0.610972 0.356813 0.182379
v -0.610972 -0.258779 -0.221895
v -0.610972 0.372407 0.160108
v -0.610972 -0.274373 -0.199624
v -0.729026 0.372407 0.160108
v -0.729026 -0.258779 -0.221895
v -0.729026 0.356813 0.182379
v -0.729026 -0.274373 -0.199624
v -0.692892 -0.285863 -0.196472
v -0.670124 0.376344 0.218764
v -0.692892 0.381752 0.211039
v -0.670124 -0.291272 -0.188747
v -0.692892 0.407869 0.173741
v -0.670124 -0.254338 -0.241495
v -0.692892 -0.259747 -0.233770
v -0.670124 0.413278 0.166016
v -0.670124 -0.254338 -0.241495
v -0.670124 0.413278 0.166016
v -0.647358 0.407869 0.173741
v -0.647358 -0.259745 -0.233770
v -0.647358 -0.285863 -0.196472
v -0.670124 0.376344 0.218764
v -0.670124 -0.291272 -0.188747
v -0.647358 0.381752 0.211039
v -0.647358 -0.259745 -0.233770
v -0.647358 0.407869 0.173741
v -0.637929 0.394811 0.192390
v -0.637929 -0.272805 -0.215121
v -0.647358 0.381752 0.211039
v -0.647358 -0.285863 -0.196472
v -0.692892 0.381752 0.211039
v -0.702321 -0.272805 -0.215121
v -0.692892 -0.285863 -0.196472
v -0.702321 0.394811 0.192390
v -0.692892 -0.259747 -0.233770
v -0.692892 0.407869 0.173741
v -0.610972 -0.274373 -0.199624
v -0.610972 0.356813 0.182379
v -0.729026 -0.274373 -0.199624
v -0.729026 0.356813 0.182379
v -0.610972 0.372407 0.160108
v -0.610972 -0.258779 -0.221895
v -0.729026 0.372407 0.160108
v -0.729026 -0.258779 -0.221895
v -0.788618 -0.372533 -0.174228
v -0.551382 -0.372533 -0.174228
v -0.565064 -0.351791 -0.187910
v -0.774936 -0.351791 -0.187910
v -0.565064 -0.393278 -0.187910
v -0.774936 -0.393278 -0.187910
v -0.699838 -0.264541 -0.245608
v -0.724752 -0.361342 -0.277116
v -0.712146 -0.281584 -0.221268
v -0.708752 -0.361342 -0.315744
v -0.708752 -0.361342 -0.238488
v -0.670124 -0.361342 -0.331745
v -0.699838 -0.298627 -0.196928
v -0.670124 -0.305687 -0.186846
v -0.670124 -0.361343 -0.222488
v -0.670124 -0.257481 -0.255691
v -0.640411 -0.264541 -0.245609
v -0.631497 -0.361342 -0.315744
v -0.615496 -0.361342 -0.277116
v -0.628103 -0.281584 -0.221268
v -0.631497 -0.361342 -0.238488
v -0.640411 -0.298627 -0.196928
v -0.670124 -0.305687 -0.186846
v -0.670124 -0.361343 -0.222488
v -0.670124 -0.305687 -0.186846
v -0.692892 -0.285863 -0.196472
v -0.699838 -0.298627 -0.196928
v -0.670124 -0.291272 -0.188747
v -0.712146 -0.281584 -0.221268
v -0.702321 -0.272805 -0.215121
v -0.692892 -0.259747 -0.233770
v -0.699838 -0.264541 -0.245608
v -0.670124 -0.254338 -0.241495
v -0.670124 -0.257481 -0.255691
v -0.640411 -0.264541 -0.245609
v -0.647358 -0.259745 -0.233770
v -0.628103 -0.281584 -0.221268
v -0.637929 -0.272805 -0.215121
v -0.647358 -0.285863 -0.196472
v -0.640411 -0.298627 -0.196928
v -0.670124 -0.305687 -0.186846
v -0.670124 -0.291272 -0.188747
v -0.774936 -0.351791 -0.355082
v -0.565064 -0.351791 -0.187910
v -0.565064 -0.351791 -0.355082
v -0.774936 -0.351791 -0.187910
vn -0.4742 0.8804 0.0005
vn -0.6745 -0.4909 0.5514
vn -0.4742 -0.8804 0.0005
vn -0.6743 0.4909 0.5517
vn -0.6743 -0.4909 -0.5517
vn -0.6745 0.4909 -0.5514
vn -0.7664 0.0005 -0.6423
vn -0.7665 -0.0000 -0.6423
vn -0.7664 0.0005 0.6423
vn -0.7665 -0.0000 0.6423
vn 0.9565 -0.2918 0.0005
vn 0.9923 -0.1238 0.0005
vn 0.9943 -0.1070 -0.0000
vn 0.9550 -0.2965 0.0005
vn 0.9565 -0.2918 -0.0000
vn 0.9943 -0.1070 0.0005
vn 0.9965 -0.0837 0.0005
vn 0.9930 -0.1179 0.0005
vn 0.9291 0.3699 0.0005
vn 0.9965 -0.0835 0.0005
vn 0.9931 -0.1177 0.0005
vn 0.8255 0.5644 0.0005
vn 0.9943 -0.1069 0.0005
vn 0.9859 0.1675 0.0005
vn 0.9847 0.1744 -0.0000
vn 0.9923 -0.1236 0.0005
vn 0.9943 -0.1069 -0.0000
vn 0.9847 0.1744 0.0005
vn 0.9847 0.1745 0.0005
vn 0.9997 0.0231 0.0005
vn 0.9998 0.0191 0.0005
vn 0.9847 0.1745 -0.0000
vn -1.0000 0.0005 0.0005
vn 0.7022 -0.7120 0.0005
vn 0.9998 0.0189 0.0005
vn 0.7007 -0.7134 0.0005
vn 0.9997 0.0229 0.0005
vn 0.1621 -0.9868 -0.0000
vn 0.1619 -0.9868 -0.0000
vn 0.0665 -0.9978 -0.0000
vn 0.0662 -0.9978 0.0002
vn 1.0000 0.0005 0.0005
vn 0.8722 0.4891 0.0005
vn 0.5206 0.8538 0.0003
vn 0.9291 0.3699 0.0004
vn 0.8254 0.5645 0.0005
vn -0.8722 0.4891 0.0004
vn -0.8722 0.4891 0.0005
vn 0.0005 -0.3601 -0.9329
vn 0.0004 -0.3601 -0.9329
vn 0.0005 -1.0000 0.0005
vn 0.0005 -0.3601 0.9329
vn 0.0004 -0.3601 0.9329
vn 0.5736 0.8191 -0.0000
vn 0.5738 0.8190 0.0004
vn 0.5739 0.8189 0.0007
vn 0.5439 0.8391 0.0005
vn 0.9780 0.2087 0.0005
vn 0.9240 -0.3825 0.0005
vn 0.0002 -1.0000 0.0002
vn 0.0005 1.0000 0.0005
vn 0.5738 -0.8190 0.0004
vn 0.5736 -0.8191 -0.0000
vn 0.3597 0.8609 0.3597
vn 0.0005 0.8611 0.5084
vn 0.0005 0.8611 0.5085
vn 0.5087 0.8610 -0.0000
vn 0.5085 0.8611 0.0004
vn 0.3600 0.8607 -0.3600
vn 0.3597 0.8609 -0.3597
vn 0.0004 0.8611 -0.5085
vn -0.3597 0.8609 -0.3597
vn -0.5085 0.8611 0.0004
vn -0.3597 0.8609 0.3597
vn -0.7071 0.7071 -0.0000
vn -0.7071 -0.7071 0.0003
vn -0.7071 -0.7071 -0.0000
vn 0.7071 -0.7071 -0.0000
vn 0.7071 0.7071 0.0003
vn 0.7071 0.7071 -0.0000
vn 0.7071 -0.0000 0.7071
vn 0.0005 0.0005 1.0000
vn 0.7071 -0.0000 -0.7071
vn 0.0005 0.0005 -1.0000
vn -0.7071 0.0003 -0.7071
vn -0.7071 -0.0000 -0.7071
vn -0.7071 -0.0000 0.7071
vn 0.0003 0.0005 1.0000
vn -0.0005 0.9421 -0.3355
vn 0.0005 0.9421 0.3355
vn 0.0005 0.9421 -0.3355
vn -0.0005 0.9421 0.3355
vn 0.5440 0.8391 0.0005
vn -0.3825 0.9240 0.0005
vn 0.0161 -0.0836 -0.9964
vn 0.0161 -0.0835 -0.9964
vn 0.0083 0.1460 -0.9893
vn 0.0073 0.1618 -0.9868
vn 0.0161 -0.0836 0.9964
vn 0.0161 -0.0835 0.9964
vn 0.0083 0.1460 0.9893
vn 0.0073 0.1618 0.9868
vn 0.0004 0.7753 -0.6316
vn -0.0005 0.9420 -0.3355
vn 0.0005 0.9420 -0.3355
vn -0.0004 0.7753 -0.6316
vn 0.0004 0.7753 0.6316
vn -0.0005 0.9420 0.3355
vn -0.0007 0.7752 0.6317
vn 0.0005 0.9420 0.3356
vn -0.0005 0.4286 -0.9035
vn -0.0000 0.7746 -0.6324
vn 0.0005 0.4286 -0.9035
vn -0.0003 0.7745 -0.6326
vn -0.0000 0.7746 0.6324
vn -0.0005 0.4286 0.9035
vn 0.0005 0.4286 0.9035
vn -0.0003 0.7745 0.6326
vn -0.0005 0.9420 -0.3356
vn 0.0005 0.9420 -0.3356
vn -0.0000 0.7755 -0.6314
vn -0.0005 0.7753 -0.6316
vn -0.0003 0.7744 -0.6327
vn 0.0005 0.7753 -0.6315
vn -0.0001 0.7743 -0.6328
vn 0.0004 0.7744 -0.6326
vn -0.0003 0.7753 0.6315
vn 0.0005 0.7753 0.6316
vn -0.0001 0.7743 0.6328
vn -0.0005 0.7752 0.6317
vn -0.0005 0.9420 0.3356
vn 0.0001 0.7743 0.6328
vn 0.0004 0.7744 0.6326
vn -0.0005 0.4285 0.9035
vn -0.0005 0.7753 0.6315
vn 0.3600 -0.3600 0.8607
vn 0.0005 -0.5085 0.8611
vn 0.3597 -0.3597 0.8610
vn 0.0005 -0.5084 0.8611
vn 0.5085 0.0004 0.8611
vn 0.3597 0.3597 0.8609
vn -0.0000 0.5088 0.8609
vn -0.3597 0.3597 0.8609
vn -0.5084 0.0005 0.8611
vn -0.3597 -0.3597 0.8609
vn 0.0004 -0.5085 0.8611
vn 0.0004 -0.5084 0.8611
vn 0.3597 0.3597 -0.8609
vn 0.0006 0.5085 -0.8611
vn 0.0006 0.5084 -0.8611
vn 0.5085 0.0004 -0.8611
vn 0.5087 -0.0000 -0.8609
vn 0.3600 -0.3600 -0.8607
vn 0.3597 -0.3597 -0.8609
vn 0.0003 -0.5086 -0.8610
vn -0.0000 -0.5088 -0.8609
vn -0.3598 -0.3598 -0.8609
vn -0.3597 -0.3598 -0.8609
vn -0.5085 0.0004 -0.8611
vn -0.5084 0.0005 -0.8611
vn -0.3597 0.3597 -0.8609
vn 0.0005 0.5085 -0.8611
vn 0.0005 0.5084 -0.8611
vn -0.0000 -0.1985 -0.9801
vn 0.0004 -0.1987 -0.9801
vn -0.0000 -0.1985 0.9801
vn 0.0004 -0.1987 0.9801
vn 0.0003 -0.1986 -0.9801
vn 0.0005 0.4285 -0.9036
vn -0.0005 0.4285 -0.9036
vn -0.0003 0.4286 -0.9035
vn -0.0004 0.7744 -0.6327
vn -0.0005 0.4285 0.9036
vn 0.0005 0.4285 0.9036
vn -0.5736 0.8191 -0.0000
vn -0.5738 0.8190 0.0004
vn 0.0003 -0.1704 0.9854
vn -0.0000 -0.1703 -0.9854
vn -0.0000 0.8682 0.4961
vn 0.0004 0.8683 0.4960
vn -0.0000 0.8682 -0.4961
vn 0.0003 0.8683 -0.4960
vn 0.0006 0.8684 -0.4959
vn 0.0003 0.8683 0.4960
vn 0.0005 0.7071 -0.7071
vn -0.0000 0.3827 -0.9239
vn -0.0000 -0.3827 -0.9239
vn 0.0003 -0.3826 -0.9239
vn 0.0005 -0.7071 -0.7071
vn 0.0003 0.3826 0.9239
vn -0.0000 0.3827 0.9239
vn 0.0005 0.7071 0.7071
vn 0.0005 -0.3826 0.9239
vn -0.0000 -0.3827 0.9239
vn 0.0005 -0.7071 0.7071
vn 0.0003 0.3826 -0.9239
vn 0.0005 0.3826 -0.9239
vn 0.0005 -0.3826 -0.9239
vn 0.0005 0.3826 0.9239
vn -0.9239 0.3826 0.0005
vn -0.3826 0.9239 0.0005
vn -0.5736 -0.8191 -0.0000
vn -0.5739 -0.8189 0.0006
vn 0.9239 -0.3826 0.0005
vn 0.3826 -0.9239 0.0005
vn -0.3825 -0.9240 0.0005
vn 0.3825 -0.9240 0.0005
vn 0.0083 0.1462 0.9892
vn 0.0073 0.1619 0.9868
vn 0.0005 0.6246 0.7809
vn 0.0005 0.6246 -0.7809
vn 0.0083 0.1462 -0.9892
vn 0.0073 0.1619 -0.9868
vn 0.0006 -0.8684 -0.4959
vn 0.0003 -0.8683 -0.4960
vn 0.0004 -0.8683 -0.4960
vn 0.0003 -0.8683 0.4960
vn 0.0004 -0.8683 0.4960
vn 0.0006 -0.8684 0.4959
vn -0.0000 -0.8682 -0.4961
vn -0.0000 -0.8682 0.4961
vn 0.7071 -0.7071 0.0003
vn -0.7071 0.7071 0.0005
vn 0.0003 1.0000 0.0005
vn 0.0005 -0.0024 1.0000
vn 0.0005 0.2525 0.9676
vn -0.0000 0.2528 0.9675
vn 0.0005 -0.3602 0.9329
vn 0.0005 -0.0024 -1.0000
vn 0.0005 0.2525 -0.9676
vn -0.0000 0.2528 -0.9675
vn 0.0005 -0.3602 -0.9329
vn 0.0003 -0.0023 1.0000
vn 0.0003 -0.0023 -1.0000
vn 0.0007 0.2523 -0.9676
vn 0.0003 -0.3602 -0.9329
vn -0.7071 0.0005 0.7071
vn 0.0004 0.0005 1.0000
vn -0.7071 0.0005 -0.7071
vn 0.7071 0.0005 -0.7071
vn 0.0004 -1.0000 0.0005
vn 0.7071 -0.7071 0.0005
vn 0.0006 -1.0000 0.0005
vn -0.9239 -0.3826 0.0005
vn -0.3826 -0.9239 0.0005
vn -0.9240 -0.3825 0.0005
vn -0.9240 0.3825 0.0005
vn -0.0000 0.9262 -0.3771
vn 0.0003 0.9262 -0.3769
vn 0.0005 0.9814 -0.1920
vn -0.0000 0.9814 -0.1921
vn -0.0000 0.9814 0.1921
vn 0.0005 0.9814 0.1920
vn 0.0003 0.9262 0.3769
vn 0.0005 0.6247 0.7809
vn 0.0005 1.0000 0.0004
vn 0.0005 0.6247 -0.7809
vn 0.0002 1.0000 0.0002
vn -0.5739 0.8189 0.0007
vn 0.0003 -1.0000 0.0005
vn -0.7071 -0.7071 0.0005
vn 0.7071 0.0003 0.7071
vn -0.5738 -0.8190 0.0004
vn 0.7924 0.6101 -0.0000
vn 0.7923 0.6101 -0.0000
vn -0.1445 0.9895 -0.0000
vn -0.7923 0.6101 -0.0000
vn -0.7924 0.6101 -0.0000
vn 0.1441 0.9896 0.0006
vn 0.1445 0.9895 -0.0000
vn 0.8722 0.4891 0.0004
vn 0.1442 0.9895 0.0005
vn 0.7664 0.0005 0.6423
vn 0.7664 0.0005 -0.6423
vn 0.8320 -0.0000 -0.5548
vn 0.8321 0.0005 -0.5546
vn 0.8321 0.0004 -0.5546
vn 0.8320 -0.0000 0.5548
vn 0.8321 0.0005 0.5546
vn 0.8321 0.0004 0.5546
vn 0.4424 0.8205 0.3620
vn 0.4423 -0.8205 0.3621
vn 0.8084 -0.5886 0.0005
vn 0.8084 0.5886 0.0005
vn 0.4423 0.8205 -0.3621
vn 0.4424 -0.8205 -0.3620
vn -0.6745 0.4909 0.5514
vn 0.4423 0.8205 0.3621
vn -0.6745 -0.4909 -0.5514
vn 0.4423 -0.8205 -0.3621
vn -0.9394 0.3427 -0.0000
vn -0.7799 0.6259 0.0004
vn -0.9394 0.3427 0.0003
vn -0.9003 -0.4353 0.0005
vn -0.1240 -0.9923 0.0003
vn -0.1240 -0.9923 -0.0000
vn 0.3878 -0.9217 0.0004
vn 0.3879 -0.9217 0.0003
vn -0.9962 -0.0872 -0.0000
vn -0.6432 -0.7657 0.0005
vn -0.7664 0.6424 0.0005
vn -0.7664 0.6423 0.0006
vn -0.0872 0.9962 -0.0000
vn 0.6424 0.7664 0.0005
vn 0.9962 0.0872 0.0005
vn 0.9962 0.0871 -0.0000
vn 0.7657 -0.6432 0.0005
vn 0.0872 -0.9962 -0.0000
vn -0.6431 -0.7658 0.0005
vn -0.0007 -0.0001 1.0000
vn -0.0007 -0.0001 -1.0000
vn -0.7662 0.6426 0.0002
vn -0.7663 0.6425 0.0004
vn -0.7663 0.6424 0.0005
vn -0.7660 0.6428 -0.0000
vn -0.0008 -0.0001 -1.0000
vn -0.0008 -0.0001 1.0000
vn 0.7658 -0.6431 0.0004
vn 0.7657 -0.6432 0.0006
vn 0.7658 -0.6431 0.0003
vn 0.7658 -0.6431 0.0005
vn 0.7658 -0.6430 0.0004
vn 0.4545 0.5417 -0.7071
vn 0.6425 0.7663 0.0004
vn 0.4545 0.5417 0.7071
vn -0.4545 -0.5417 -0.7071
vn -0.4545 -0.5417 0.7071
vn -0.6431 -0.7658 0.0003
vn 0.6423 0.7664 0.0005
vn 0.7478 -0.6639 0.0004
vn 0.9028 -0.4301 0.0006
vn 0.9027 -0.4303 0.0004
vn 0.9349 0.3550 0.0005
vn 0.9348 0.3551 0.0004
vn 0.0928 0.9957 0.0002
vn 0.0926 0.9957 0.0005
vn -0.4739 0.8806 0.0005
vn -0.4739 0.8806 0.0006
vn 0.9394 0.3427 -0.0003
vn 0.7799 0.6259 -0.0004
vn 0.9003 -0.4353 -0.0005
vn 0.1240 -0.9923 -0.0003
vn 0.1240 -0.9923 -0.0000
vn -0.3879 -0.9217 -0.0003
vn 0.9962 -0.0872 -0.0000
vn 0.6432 -0.7657 -0.0005
vn 0.7664 0.6424 -0.0005
vn 0.0872 0.9962 -0.0000
vn -0.6424 0.7664 -0.0005
vn -0.9962 0.0872 -0.0005
vn -0.9962 0.0872 -0.0003
vn -0.7657 -0.6432 -0.0005
vn -0.0872 -0.9962 -0.0000
vn 0.6431 -0.7658 -0.0005
vn 0.0007 -0.0001 -1.0000
vn 0.0007 -0.0001 1.0000
vn 0.7663 0.6425 -0.0004
vn 0.7663 0.6424 -0.0005
vn 0.7660 0.6428 -0.0000
vn 0.0008 -0.0001 -1.0000
vn 0.0008 -0.0001 1.0000
vn -0.7658 -0.6431 -0.0004
vn -0.7658 -0.6431 -0.0003
vn -0.7657 -0.6432 -0.0006
vn -0.7658 -0.6431 -0.0005
vn -0.4545 0.5417 0.7071
vn -0.4545 0.5417 -0.7071
vn 0.4545 -0.5417 0.7071
vn 0.4545 -0.5417 -0.7071
vn 0.6431 -0.7658 -0.0004
vn 0.6431 -0.7657 -0.0004
vn -0.6423 0.7664 -0.0006
vn -0.7476 -0.6641 -0.0000
vn -0.9028 -0.4301 -0.0006
vn -0.9027 -0.4303 -0.0004
vn -0.9348 0.3551 -0.0004
vn -0.0927 0.9957 -0.0003
vn -0.0926 0.9957 -0.0006
vn 0.4739 0.8806 -0.0005
vn 0.0006 0.8190 -0.5739
vn 0.0004 0.8190 -0.5738
vn -0.0000 0.8192 -0.5736
vn 0.0006 0.8189 -0.5739
vn -0.0000 0.8191 -0.5736
vn 0.0005 -1.0000 -0.0005
vn 0.0006 0.5505 0.8348
vn -0.0000 0.5506 0.8348
vn 0.0005 -0.5505 0.8348
vn 0.0006 -0.5505 0.8348
vn 0.0004 -0.8190 0.5738
vn 0.0006 -0.8190 0.5739
vn 0.8348 -0.5505 -0.0007
vn 0.8348 -0.5506 -0.0000
vn 1.0000 0.0005 -0.0005
vn 0.8348 0.5506 -0.0000
vn 0.8348 0.5505 -0.0005
vn -1.0000 0.0005 -0.0005
vn -0.8348 0.5505 -0.0007
vn -0.8348 0.5506 -0.0000
vn -0.8348 -0.5505 -0.0005
vn -0.8348 -0.5505 -0.0006
vn -0.8038 -0.3103 -0.5076
vn -0.8078 -0.3074 -0.5029
vn 0.0005 -0.5213 -0.8534
vn 0.0004 -0.5212 -0.8534
vn -0.8038 0.3103 0.5076
vn -0.8079 0.3074 0.5029
vn 0.0004 0.5212 0.8534
vn 0.0005 0.5212 0.8534
vn 0.8038 0.3103 0.5077
vn 0.0006 0.5213 0.8534
vn 0.8078 0.3074 0.5029
vn 0.8038 -0.3103 -0.5077
vn 0.0006 -0.5213 -0.8534
vn 0.0005 -0.5212 -0.8534
vn 0.8079 -0.3074 -0.5029
vn 0.8079 0.3074 0.5028
vn 1.0000 0.0034 0.0063
vn 0.8038 0.3103 0.5076
vn 1.0000 -0.0034 -0.0063
vn 0.8079 -0.3074 -0.5028
vn 0.8038 -0.3103 -0.5076
vn -0.8079 -0.3074 -0.5028
vn -0.8038 -0.3102 -0.5076
vn -1.0000 -0.0034 -0.0063
vn -1.0000 0.0034 0.0063
vn -0.8079 0.3074 0.5028
vn -0.8038 0.3102 0.5076
vn 0.0004 -0.5175 -0.8557
vn 0.0003 -0.5176 -0.8556
vn -0.0000 -0.5178 -0.8555
vn -0.0000 0.5178 0.8555
vn 0.0003 0.5176 0.8556
vn 0.0004 0.5175 0.8557
vn 0.0006 0.5175 0.8557
vn 0.0006 0.5505 -0.8348
vn 0.0005 0.5505 -0.8348
vn 0.0005 -0.5505 -0.8348
vn 0.0006 -0.5505 -0.8348
vn -0.6982 0.4656 0.5438
vn -0.9931 0.1021 -0.0582
vn -0.9866 0.1598 0.0318
vn -0.7803 0.4207 0.4627
vn -0.8612 -0.1920 -0.4705
vn 0.0005 0.5993 0.8005
vn -0.7097 -0.3219 -0.6267
vn 0.0005 -0.5261 -0.8504
vn 0.6982 0.4656 0.5438
vn 0.7803 0.4207 0.4627
vn 0.9866 0.1598 0.0318
vn 0.9931 0.1021 -0.0581
vn 0.8612 -0.1920 -0.4705
vn 0.7097 -0.3219 -0.6267
vn 0.0006 -0.5261 -0.8504
vn 0.0005 0.1305 -0.9915
vn -0.6704 0.3413 -0.6589
vn -0.4100 0.1911 -0.8918
vn 0.0005 0.1305 -0.9914
vn -0.7373 0.5535 -0.3873
vn -0.4100 0.9034 0.1256
vn -0.6709 0.7354 -0.0953
vn 0.0005 0.9763 0.2164
vn 0.0004 0.9763 0.2164
vn 0.6709 0.7354 -0.0952
vn 0.4100 0.9034 0.1254
vn 0.7374 0.5535 -0.3872
vn 0.7373 0.5535 -0.3874
vn 0.4100 0.1911 -0.8918
vn 0.6704 0.3413 -0.6589
vn 0.0005 0.1304 -0.9915
vn 0.0005 1.0000 -0.0005
vn -0.4556 0.8902 0.0005
vn -0.4556 0.6295 -0.6294
vn -1.0000 0.0005 0.0004
vn -0.4556 0.6294 -0.6295
vn -0.4556 0.0007 -0.8902
vn -1.0000 0.0005 0.0002
vn -0.4556 0.6295 0.6294
vn -0.4556 0.8902 0.0007
vn -0.4556 0.0007 0.8902
vn -0.4556 0.6294 0.6295
vn -0.4556 -0.6294 0.6295
vn -0.4556 0.0005 0.8902
vn -0.4556 -0.8902 0.0007
vn -0.4556 -0.6295 0.6294
vn -1.0000 0.0005 0.0007
vn -0.4556 -0.6295 -0.6294
vn -0.4556 -0.8902 0.0004
vn -1.0000 0.0002 0.0005
vn -0.4556 0.0004 -0.8902
vn -0.4556 -0.6294 -0.6295
vn -1.0000 0.0003 0.0005
vn 0.9451 -0.3268 0.0004
vn 0.5711 -0.8209 -0.0000
vn 0.9451 -0.3268 0.0005
vn 0.9562 0.2927 0.0003
vn 0.9561 0.2929 -0.0000
vn 0.9731 0.2302 -0.0000
vn 0.9732 0.2301 0.0003
vn 0.9732 0.2300 0.0004
vn 0.9732 0.2299 0.0006
vn 0.9732 0.2298 0.0006
vn -1.0000 -0.0000 -0.0000
vn 0.2302 -0.9731 -0.0000
vn 0.2300 -0.9732 0.0004
vn 0.2300 -0.9732 0.0003
vn -0.3990 -0.8133 -0.4235
vn -0.5367 -0.7486 -0.3892
vn -0.9197 -0.3482 -0.1813
vn -0.9998 -0.0193 -0.0101
vn -0.9998 0.0194 0.0101
vn -0.5650 0.7321 0.3805
vn -0.5367 0.7487 0.3892
vn -0.9998 -0.0193 0.0101
vn -0.9197 -0.3482 0.1813
vn -0.9998 0.0191 -0.0103
vn -0.5367 -0.7486 0.3893
vn -0.3991 -0.8133 0.4234
vn -0.5650 0.7322 -0.3804
vn -0.5367 0.7487 -0.3892
vn -1.0000 -0.0083 0.0054
vn -0.5780 -0.6884 0.4382
vn -0.9996 0.0249 -0.0161
vn -0.5212 -0.7196 0.4588
vn -0.5417 0.7088 -0.4519
vn -0.5360 0.7119 -0.4539
vn -1.0000 -0.0083 -0.0054
vn -0.5780 -0.6884 -0.4383
vn -0.5212 -0.7196 -0.4588
vn -0.9996 0.0249 0.0161
vn -0.5417 0.7088 0.4519
vn -0.5360 0.7118 0.4539
vn 0.7071 0.7071 0.0005
vn 0.7808 -0.6248 0.0005
vn 0.7808 0.6248 0.0005
vn -0.9998 0.0191 0.0103
vn -1.0000 -0.0083 0.0053
vn -0.3989 -0.8133 0.4235
vn -0.5650 0.7321 -0.3804
vn -0.0000 -0.7071 0.7071
vn 0.0005 0.0003 1.0000
vn -0.0000 -0.7071 -0.7071
vn -0.0000 0.7071 -0.7071
vn -0.0000 0.7071 0.7071
vn 0.0003 0.7071 0.7071
vn -0.0542 0.0005 0.9985
vn -0.0542 -0.7060 0.7061
vn 0.0003 -1.0000 0.0003
vn -0.0542 -0.7062 0.7060
vn -0.0542 -0.9985 0.0005
vn -0.0542 -0.7062 -0.7060
vn 0.0003 0.0003 -1.0000
vn -0.0542 -0.7060 -0.7061
vn -0.0542 0.0005 -0.9985
vn -0.0542 0.7060 -0.7062
vn 0.0003 1.0000 0.0003
vn -0.0542 0.7062 -0.7060
vn -0.0542 0.9985 0.0005
vn -0.0542 0.7062 0.7060
vn -0.0542 0.7060 0.7062
vn 0.0892 0.7043 0.7043
vn 0.0445 0.0005 0.9990
vn 0.0894 0.0005 0.9960
vn 0.0441 0.7064 0.7064
vn 0.0441 0.9990 -0.0000
vn 0.0894 0.9960 0.0005
vn 0.0892 0.7043 -0.7043
vn 0.0441 0.7064 -0.7064
vn 0.0444 0.0004 -0.9990
vn 0.0894 0.0005 -0.9960
vn 0.0892 -0.7043 -0.7043
vn 0.0441 -0.7064 -0.7064
vn 0.0441 -0.9990 -0.0000
vn 0.0894 -0.9960 0.0005
vn 0.0892 -0.7043 0.7043
vn 0.0441 -0.7064 0.7064
vn 0.0005 0.0004 1.0000
vn 0.0445 0.0004 0.9990
vn -0.3988 -0.8134 -0.4235
vn -0.5367 -0.7487 -0.3892
vn -0.9199 -0.3479 -0.1811
vn -0.9198 0.3481 0.1812
vn -0.5417 0.7088 -0.4518
vn -0.9199 -0.3479 0.1811
vn -0.9998 0.0194 -0.0101
vn -0.5367 -0.7487 0.3892
vn -0.3990 -0.8133 0.4235
vn -0.9196 0.3486 -0.1812
vn -0.9198 0.3481 -0.1812
vn -0.0000 0.0005 -1.0000
vn -0.0000 0.0004 -1.0000
vn 0.0005 0.0004 -1.0000
vn 0.0005 -0.8425 0.5387
vn 0.0083 -0.8418 0.5398
vn 0.0034 -0.7110 0.7032
vn 0.0005 -1.0000 0.0002
vn -0.0005 -0.8290 -0.5592
vn 0.0005 -1.0000 0.0004
vn -0.0005 -0.7125 -0.7017
vn 0.0005 -0.8425 -0.5387
vn 0.0005 -0.8285 0.5600
vn -0.0005 -0.7120 0.7022
vn -0.0005 -0.0074 1.0000
vn 0.0132 -0.4305 0.9025
vn -0.0005 -0.3963 0.9181
vn -0.0005 -0.4423 0.8969
vn -0.0005 -0.4431 -0.8965
vn 0.0083 -0.8418 -0.5398
vn 0.0034 -0.7120 -0.7022
vn -0.0005 -0.3983 -0.9173
vn 0.0132 -0.4313 -0.9021
vn 0.0034 -0.7119 -0.7023
vn -0.0005 -0.0083 -1.0000
vn -0.0005 -0.8289 -0.5593
vn -0.0005 -0.7124 -0.7018
vn -0.0005 0.0777 -0.9970
vn -0.0005 -0.0082 -1.0000
vn -0.0000 0.3826 -0.9239
vn 0.0004 0.3826 -0.9239
vn -0.0000 0.3828 -0.9238
vn 0.0006 0.3826 -0.9239
vn 0.0083 -0.8417 0.5398
vn -0.0005 -0.0073 1.0000
vn 0.0006 0.3826 0.9239
vn 0.0009 0.3826 0.9239
vn 0.0004 0.3826 0.9239
vn -0.0004 -0.0073 1.0000
vn -0.0000 0.3828 0.9238
vn 0.0083 -0.8417 -0.5398
vn -0.9305 -0.3663 -0.0000
vn -0.4820 -0.8762 0.0003
vn -0.4823 -0.8760 0.0005
vn 0.1403 -0.9901 0.0004
vn 0.1407 -0.9901 -0.0000
vn 0.4499 -0.8931 0.0003
vn 0.4498 -0.8931 0.0004
vn 0.0007 0.3826 -0.9239
vn -0.0004 -0.0083 -1.0000
vn 0.0005 0.3825 -0.9240
vn 0.0006 0.3824 -0.9240
vn 0.0003 -0.0297 0.9996
vn -0.0000 -0.0200 0.9998
vn 0.0005 -0.0601 0.9982
vn 0.0006 -0.0601 0.9982
vn -0.0000 -0.0000 1.0000
vn -0.0000 -0.0200 -0.9998
vn 0.0003 -0.0297 -0.9996
vn 0.0005 -0.0601 -0.9982
vn 0.0006 -0.0601 -0.9982
vn -0.0000 -0.0000 -1.0000
vn 0.0004 0.7071 -0.7071
vn 0.0003 -0.7071 0.7071
vn 0.0003 -0.7071 -0.7071
vn -0.3512 -0.9363 -0.0000
vn -0.1295 -0.9916 0.0005
vn -0.3785 -0.9256 0.0024
vn -0.1255 -0.9921 0.0005
vn 0.5213 -0.7196 0.4587
vn 0.5781 -0.6882 0.4384
vn -0.5213 -0.7197 0.4585
vn 0.0006 -0.8870 0.4618
vn -0.0000 -0.8870 0.4617
vn -0.5367 -0.7485 0.3896
vn 0.5777 -0.6884 -0.4386
vn 1.0000 -0.0083 -0.0054
vn 0.5211 -0.7198 -0.4586
vn 0.9996 0.0249 0.0161
vn -0.5781 -0.6882 -0.4384
vn -0.5213 -0.7196 -0.4587
vn -0.3990 -0.8134 -0.4234
vn 0.5367 -0.7484 -0.3896
vn 0.3990 -0.8133 -0.4235
vn 0.0006 -0.8870 -0.4618
vn -0.0000 -0.8870 -0.4617
vn -0.1295 -0.9916 -0.0000
vn -0.1343 -0.9909 0.0005
vn 0.7809 -0.6246 -0.0000
vn 0.5780 -0.6884 0.4383
vn 1.0000 -0.0083 0.0054
vn 0.9996 0.0249 -0.0161
vn -0.0000 -0.9239 0.3827
vn -0.0000 -1.0000 0.0005
vn 0.0006 -0.9239 0.3826
vn 0.0004 -0.9239 0.3826
vn -0.0000 -0.9238 0.3828
vn 0.0006 -0.9239 0.3825
vn 0.0005 -1.0000 0.0006
vn 0.0005 -0.9239 0.3826
vn 0.0003 -0.9239 0.3826
vn 0.0005 -0.9239 -0.3826
vn 0.0006 -0.9239 -0.3826
vn 0.0003 -0.9239 -0.3826
vn -0.0000 -0.9239 -0.3827
vn -0.0000 -0.9238 -0.3828
vn 0.0003 -0.9239 -0.3827
vn 0.0004 -0.9239 -0.3826
vn 0.0008 -0.9239 -0.3826
vn 0.9198 -0.3482 -0.1812
vn 0.9197 -0.3483 -0.1813
vn 0.9998 -0.0193 -0.0101
vn 0.9198 -0.3482 -0.1811
vn 0.9998 0.0194 0.0101
vn 0.5651 0.7321 0.3804
vn 0.5367 0.7487 0.3892
vn 0.9198 -0.3480 0.1811
vn 0.9198 -0.3482 0.1812
vn 0.9197 -0.3483 0.1813
vn 0.9998 -0.0193 0.0101
vn 0.9998 0.0191 -0.0103
vn 0.5651 0.7321 -0.3805
vn 0.5367 0.7487 -0.3892
vn -0.5367 0.7486 0.3892
vn -0.5651 0.7318 0.3809
vn 0.5367 0.7484 0.3896
vn 0.0005 0.8870 0.4618
vn -0.0000 0.8870 0.4617
vn -0.5360 0.7120 0.4536
vn 0.5360 0.7118 0.4539
vn 0.5417 0.7089 0.4516
vn -0.5417 0.7088 0.4518
vn 0.5417 0.7089 0.4517
vn 0.5417 0.7088 -0.4518
vn -0.5360 0.7118 -0.4539
vn -0.5417 0.7089 -0.4516
vn 0.5360 0.7120 -0.4536
vn -0.5417 0.7089 -0.4517
vn 0.5417 0.7088 -0.4519
vn -0.5367 0.7484 -0.3896
vn 0.5367 0.7486 -0.3892
vn 0.5651 0.7318 -0.3809
vn -0.5651 0.7321 -0.3804
vn 0.0005 0.8870 -0.4618
vn -0.0000 0.8870 -0.4617
vn 0.5417 0.7088 0.4518
vn 0.9996 0.0250 0.0161
vn 0.5359 0.7119 0.4539
vn 0.0006 -0.3826 0.9239
vn -0.0000 0.0317 0.9995
vn 0.0005 0.0317 0.9995
vn 0.0003 -0.3826 0.9239
vn 0.5359 0.7118 -0.4539
vn 0.9996 0.0250 -0.0161
vn 0.7809 0.6246 0.0005
vn -0.7809 0.6246 -0.0000
vn -0.0000 0.0317 -0.9995
vn 0.0006 -0.3826 -0.9239
vn 0.0005 0.0317 -0.9995
vn -0.3990 -0.8133 -0.4236
vn -0.5366 -0.7487 -0.3892
vn -0.9998 -0.0194 -0.0101
vn -0.9998 -0.0194 0.0101
vn -0.9197 -0.3483 0.1812
vn -0.5366 -0.7487 0.3892
vn -0.3989 -0.8134 0.4235
vn 0.3990 -0.8133 0.4235
vn 0.5367 -0.7484 0.3897
vn 0.9197 -0.3483 0.1812
vn -0.5367 -0.7484 0.3896
vn 0.9998 -0.0194 0.0101
vn 0.9998 0.0193 -0.0101
vn 0.0005 0.4411 0.8975
vn -0.0000 0.0318 0.9995
vn 0.0005 0.4411 0.8974
vn 0.0005 0.7061 0.7081
vn 0.0005 0.8406 0.5417
vn 0.0005 0.4412 0.8974
vn 0.0005 0.8348 0.5506
vn 0.0005 0.0318 0.9995
vn 0.0005 0.7163 0.6978
vn 0.0005 0.8379 0.5458
vn 0.0005 0.4412 -0.8974
vn 0.0005 0.4411 -0.8975
vn 0.0005 0.8348 -0.5506
vn -0.0000 0.0318 -0.9995
vn 0.0005 0.0318 -0.9995
vn 0.0005 0.7163 -0.6978
vn 0.0005 0.8379 -0.5458
vn 0.0005 0.4411 -0.8974
vn 0.0005 0.7061 -0.7081
vn 0.0005 0.8406 -0.5417
vn 0.0005 0.8349 0.5504
vn -0.0000 1.0000 0.0005
vn 0.0005 0.8380 0.5457
vn 0.0005 0.7164 0.6977
vn 0.0005 0.8406 0.5416
vn -0.0000 0.7061 0.7081
vn 0.0005 0.8349 -0.5504
vn 0.0005 1.0000 0.0003
vn -0.0000 1.0000 0.0003
vn 0.0005 0.8380 -0.5457
vn -0.0000 0.7164 -0.6977
vn 0.0005 0.8406 -0.5416
vn 0.5781 -0.6884 -0.4380
vn 0.5213 -0.7195 -0.4589
vn 0.5366 -0.7485 0.3896
vn 0.9199 -0.3479 0.1811
vn 0.9998 -0.0191 0.0103
vn 0.9998 0.0190 -0.0102
vn 0.3991 -0.8133 0.4235
vn 0.5650 0.7321 -0.3805
vn 0.3990 -0.8133 0.4236
vn 0.5367 -0.7486 0.3894
vn 0.9199 -0.3479 0.1810
vn 0.5417 0.7088 0.4519
vn 0.9996 0.0249 0.0162
vn 0.5359 0.7119 -0.4539
vn 0.5367 -0.7486 -0.3892
vn 0.9197 -0.3483 -0.1812
vn 0.9998 -0.0194 -0.0101
vn 0.3988 -0.8134 -0.4235
vn 0.9998 0.0193 0.0101
vn -0.1345 -0.9909 0.0005
vn -0.1256 -0.9921 0.0005
vn -0.1296 -0.9916 0.0005
vn 0.0981 0.9952 0.0006
vn 0.0983 0.9952 0.0003
vn -0.7208 0.6932 -0.0000
vn -0.7208 0.6932 0.0005
vn 0.6153 0.7883 0.0005
vn 0.9035 0.4285 0.0005
vn 0.9035 0.4286 0.0006
vn -0.7206 0.6934 0.0005
vn 0.5213 -0.7197 0.4587
vn 0.9198 -0.3481 -0.1812
vn -0.9963 -0.0856 -0.0000
vn -0.9063 -0.4226 0.0006
vn -0.9063 -0.4226 0.0007
vn -0.9963 -0.0857 -0.0000
vn -0.9899 -0.1416 -0.0000
vn -0.9899 -0.1415 -0.0000
vn -0.5086 -0.8610 0.0002
vn -0.5089 -0.8608 -0.0000
vn 0.2168 -0.9762 -0.0000
vn 0.2165 -0.9763 0.0004
vn 0.2392 -0.9710 -0.0000
vn -0.0689 -0.9976 0.0006
vn -0.0688 -0.9976 0.0004
vn -0.0686 -0.9976 0.0003
vn -0.0689 -0.9976 0.0005
vn 0.9197 -0.3482 -0.1812
vn 0.5367 -0.7487 -0.3892
vn 0.9199 -0.3479 -0.1811
vn 0.9998 -0.0191 -0.0103
vn 0.9998 0.0190 0.0102
vn 0.3991 -0.8133 -0.4234
vn 0.5212 -0.7196 0.4588
vn 0.9998 0.0191 0.0103
vn 0.9198 0.3481 0.1812
vn 0.9998 -0.0190 -0.0102
vn 0.5416 0.7088 -0.4519
vn 0.5360 0.7118 -0.4539
vn 0.9198 0.3481 -0.1812
vn 0.9998 -0.0190 0.0102
vn 0.5360 0.7119 0.4539
vn -0.9026 -0.4305 0.0025
vn -0.9090 -0.4168 0.0019
vn -0.3787 -0.9255 0.0024
vn -0.3512 -0.9363 0.0024
vn -0.9732 -0.2301 0.0003
vn -0.9731 -0.2302 -0.0000
vn -0.9732 -0.2299 0.0006
vn -0.9732 -0.2300 0.0005
vn -0.8509 0.5253 -0.0000
vn -0.8509 0.5254 0.0003
vn -0.1061 0.0004 -0.9944
vn -0.0543 -0.7061 -0.7061
vn -0.0543 0.7061 -0.7061
vn -0.1063 -0.7031 -0.7031
vn -0.1063 0.7031 -0.7031
vn -0.1061 -0.9944 0.0004
vn -0.1063 0.9943 -0.0000
vn -0.0543 -0.7061 0.7061
vn -0.0543 0.7061 0.7061
vn -0.1060 -0.7031 0.7031
vn -0.1060 0.0004 0.9944
vn -0.0542 0.0004 0.9985
vn -0.1063 0.7031 0.7031
vn -0.1060 0.0005 0.9944
vn -0.7809 0.6247 0.0005
vn -0.9091 -0.4167 0.0025
vn 0.0006 0.8190 0.5739
vn -0.0000 0.8192 0.5736
vn -0.0000 0.8191 0.5736
vn 0.0005 0.8190 0.5738
vn 0.0004 0.8190 0.5738
vn 0.0007 0.8189 0.5739
vn 0.0003 0.8190 0.5737
vn 0.0007 0.5505 -0.8348
vn -0.0000 0.5506 -0.8348
vn 0.0003 -0.5506 -0.8348
vn 0.0007 -0.5505 -0.8348
vn -0.0000 -0.8192 -0.5736
vn 0.0004 -0.8190 -0.5738
vn 0.0006 -0.8190 -0.5739
vn 0.8348 -0.5505 0.0005
vn 0.8349 0.5505 0.0008
vn -0.8348 0.5505 0.0007
vn -0.8348 -0.5505 0.0005
vn -0.8038 -0.3103 0.5076
vn 0.0005 -0.5213 0.8534
vn -0.8078 -0.3074 0.5029
vn 0.0004 -0.5212 0.8534
vn -0.8038 0.3103 -0.5076
vn 0.0004 0.5212 -0.8534
vn -0.8079 0.3074 -0.5029
vn 0.0005 0.5212 -0.8534
vn 0.0006 0.5213 -0.8534
vn 0.8038 0.3103 -0.5077
vn 0.8078 0.3074 -0.5029
vn 0.8038 -0.3103 0.5076
vn 0.0005 -0.5212 0.8534
vn 0.0006 -0.5213 0.8534
vn 0.8079 -0.3074 0.5029
vn 0.8079 0.3074 -0.5028
vn 0.8038 0.3103 -0.5076
vn 1.0000 0.0034 -0.0063
vn 1.0000 -0.0034 0.0063
vn 0.8079 -0.3074 0.5028
vn -0.8079 -0.3074 0.5028
vn -1.0000 -0.0034 0.0063
vn -0.8038 -0.3102 0.5076
vn -1.0000 0.0034 -0.0063
vn -0.8079 0.3074 -0.5028
vn -0.8038 0.3102 -0.5076
vn -0.0000 -0.5178 0.8555
vn 0.0003 -0.5176 0.8556
vn -0.0000 0.5178 -0.8555
vn 0.0004 0.5175 -0.8557
vn 0.0005 0.5175 -0.8557
vn 0.0005 0.5505 0.8348
vn -0.6982 0.4656 -0.5438
vn -0.9866 0.1598 -0.0318
vn -0.9931 0.1021 0.0582
vn -0.7803 0.4207 -0.4627
vn -0.8612 -0.1920 0.4705
vn 0.0005 0.5993 -0.8005
vn -0.7097 -0.3219 0.6267
vn 0.0005 -0.5261 0.8504
vn 0.6982 0.4656 -0.5438
vn 0.7803 0.4207 -0.4627
vn 0.9866 0.1598 -0.0318
vn 0.9931 0.1021 0.0581
vn 0.8612 -0.1920 0.4705
vn 0.7097 -0.3219 0.6267
vn 0.0006 -0.5261 0.8504
vn 0.0005 0.1305 0.9915
vn -0.4100 0.1911 0.8918
vn -0.6704 0.3413 0.6589
vn -0.7374 0.5535 0.3872
vn -0.4100 0.9034 -0.1256
vn -0.6708 0.7354 0.0953
vn 0.0005 0.9763 -0.2164
vn 0.6709 0.7354 0.0952
vn 0.4100 0.9034 -0.1255
vn 0.7374 0.5535 0.3871
vn 0.7371 0.5536 0.3876
vn 0.4100 0.1911 0.8918
vn 0.6704 0.3413 0.6589
vn 0.0005 0.1304 0.9915
vn 0.0005 0.1305 0.9914
vt 0.375000 0.125000
vt 0.625000 0.206818
vt 0.625000 0.125000
vt 0.375000 0.206818
vt 0.625000 0.043182
vt 0.375000 0.043182
vt 0.625000 0.750000
vt 0.375000 0.750000
vt 0.375000 0.625000
vt 0.625000 0.625000
vt 0.375000 0.500000
vt 0.625000 0.500000
vt 0.539573 0.125000
vt 0.506194 0.250000
vt 0.506194 0.125000
vt 0.539573 0.250000
vt 0.506194 0.000000
vt 0.539573 0.000000
vt 0.606330 0.125000
vt 0.606330 0.000000
vt 0.606330 0.250000
vt 0.625000 0.060677
vt 0.625000 0.140169
vt 0.625000 0.219662
vt 0.472815 0.250000
vt 0.472815 0.125000
vt 0.472815 0.000000
vt 0.406058 0.250000
vt 0.406058 0.125000
vt 0.406058 0.000000
vt 0.375000 0.679468
vt 0.445532 0.750000
vt 0.375000 0.570532
vt 0.445532 0.500000
vt 0.168701 0.750000
vt 0.125000 0.625000
vt 0.168701 0.625000
vt 0.125000 0.750000
vt 0.168701 0.500000
vt 0.125000 0.500000
vt 0.212401 0.750000
vt 0.212401 0.625000
vt 0.212401 0.500000
vt 0.500000 0.750000
vt 0.500000 0.500000
vt 0.375000 0.187500
vt 0.625000 0.187500
vt 0.625000 0.250000
vt 0.375000 0.250000
vt 0.375000 0.000000
vt 0.625000 0.000000
vt 0.625000 0.062500
vt 0.375000 0.062500
vt 0.625000 1.000000
vt 0.125000 0.679468
vt 0.445532 1.000000
vt 0.125000 0.570532
vt 0.445532 0.250000
vt 0.400000 0.500000
vt 0.400000 0.750000
vt 0.125000 0.569916
vt 0.125000 0.680084
vt 0.125000 0.648265
vt 0.125000 0.601735
vt 0.387500 0.750000
vt 0.387500 0.500000
vt 0.500000 0.000000
vt 0.500000 0.250000
vt 0.417077 0.000000
vt 0.417077 0.250000
vt 0.181229 0.750000
vt 0.125000 0.703295
vt 0.181229 0.500000
vt 0.125000 0.546705
vt 0.375000 1.000000
vt 0.500000 1.000000
vt 0.250000 1.000000
vt 0.750000 1.000000
vt 0.875000 1.000000
vt 0.125000 1.000000
vt 0.000000 1.000000
vt 1.000000 1.000000
vt 1.000000 0.500000
vt 0.875000 0.500000
vt 0.750000 0.500000
vt 0.250000 0.500000
vt 0.000000 0.500000
vt 0.875000 0.750000
vt 0.653051 0.764026
vt 0.653051 0.485974
vt 0.506194 1.000000
vt 0.472815 1.000000
vt 0.375000 0.912599
vt 0.406058 1.000000
vt 0.606330 0.750000
vt 0.539573 1.000000
vt 0.606330 1.000000
vt 0.375000 0.337401
vt 0.606330 0.500000
vt 0.625000 0.937500
vt 0.625000 0.812500
vt 0.625000 0.312500
vt 0.625000 0.437500
vt 0.375000 0.680084
vt 0.375000 0.569916
vt 0.402778 0.914151
vt 0.597222 0.914151
vt 0.625000 0.943771
vt 0.597222 0.786991
vt 0.375000 0.943771
vt 0.402778 0.786991
vt 0.375000 0.306229
vt 0.402778 0.463009
vt 0.402778 0.335849
vt 0.597222 0.463009
vt 0.625000 0.306229
vt 0.597222 0.335849
vt 0.400000 1.000000
vt 0.400000 0.250000
vt 0.352077 0.761462
vt 0.417077 0.750000
vt 0.375000 0.965615
vt 0.417077 1.000000
vt 0.352077 0.488538
vt 0.417077 0.500000
vt 0.375000 0.284385
vt 0.582923 0.750000
vt 0.582923 0.500000
vt 0.387500 0.250000
vt 0.387500 1.000000
vt 0.390529 0.956299
vt 0.390529 0.293701
vt 0.625000 0.875000
vt 0.625000 0.375000
vt 0.387500 0.000000
vt 0.400000 0.000000
vt 0.159385 0.500000
vt 0.159385 0.750000
vt 0.625000 0.540451
vt 0.625000 0.709549
vt 0.375000 0.687500
vt 0.625000 0.687500
vt 0.875000 0.687500
vt 0.750000 0.687500
vt 0.875000 0.562500
vt 0.625000 0.562500
vt 0.750000 0.562500
vt 0.375000 0.562500
vt 0.375000 0.601735
vt 0.375000 0.648265
vt 0.875000 0.625000
vt 0.875000 0.560677
vt 0.875000 0.689323
vt 0.818771 0.750000
vt 0.875000 0.703295
vt 0.818771 0.500000
vt 0.875000 0.546705
vt 0.750000 0.750000
vt 0.375000 0.046705
vt 0.625000 0.046705
vt 0.625000 0.203295
vt 0.375000 0.203295
vt 0.375000 0.706818
vt 0.625000 0.706818
vt 0.375000 0.543182
vt 0.625000 0.543182
vt 0.125000 0.543182
vt 0.125000 0.706818
vt 0.875000 0.706818
vt 0.875000 0.543182
vt 0.419706 0.080294
vt 0.080294 0.080294
vt 0.250000 0.010000
vt 0.010000 0.250000
vt 0.490000 0.250000
vt 0.419706 0.419706
vt 0.080294 0.419706
vt 0.250000 0.490000
vt 0.750000 0.010000
vt 0.580294 0.080294
vt 0.919706 0.080294
vt 0.990000 0.250000
vt 0.510000 0.250000
vt 0.919706 0.419706
vt 0.580294 0.419706
vt 0.750000 0.490000
vt 0.000000 0.000000
vt 0.125000 0.950000
vt 0.000000 0.950000
vt 0.375000 0.950000
vt 0.500000 0.950000
vt 0.625000 0.950000
vt 0.875000 0.950000
vt 1.000000 0.950000
vt 0.750000 0.950000
vt 0.250000 0.950000
vt 0.562500 1.000000
vt 0.425976 0.000000
vt 0.425976 0.250000
vt 0.625000 0.158302
vt 0.625000 0.131979
vt 0.620181 0.157206
vt 0.500000 0.134943
vt 0.500000 0.160055
vt 0.375000 0.137906
vt 0.375000 0.163019
vt 0.500000 0.158894
vt 0.625000 0.139464
vt 0.500000 0.133491
vt 0.625000 0.164867
vt 0.375000 0.131525
vt 0.413497 0.154760
vt 0.375000 0.541576
vt 0.375000 0.534238
vt 0.375000 0.537997
vt 1.000000 0.750000
vt 0.250000 0.750000
vt 0.000000 0.750000
vt 0.413498 0.154760
vt 0.625000 0.900819
vt 0.631733 0.918451
vt 0.631733 0.884472
vt 0.625000 0.934798
vt 0.625000 0.866840
vt 0.631733 0.952430
vt 0.625000 0.968777
vt 0.631733 0.850493
vt 0.631733 0.986409
vt 0.625000 0.832861
vt 0.589106 0.988148
vt 0.547611 0.986409
vt 0.547611 0.969011
vt 0.547611 0.952430
vt 0.589106 0.967272
vt 0.589106 0.954169
vt 0.547611 0.935033
vt 0.547611 0.918451
vt 0.589106 0.933293
vt 0.589106 0.920191
vt 0.547611 0.901054
vt 0.547611 0.884472
vt 0.589106 0.899314
vt 0.589106 0.886212
vt 0.547611 0.867075
vt 0.625000 0.952665
vt 0.625000 0.918686
vt 0.625000 0.884707
vt 0.589106 0.852233
vt 0.589106 0.865335
vt 0.625000 0.850728
vt 0.547611 0.850493
vt 0.547611 0.833096
vt 0.589106 0.831357
vt 0.562500 0.500000
vt 0.500000 0.692288
vt 0.544860 0.692239
vt 0.545337 0.599916
vt 0.545443 0.579498
vt 0.545615 0.546847
vt 0.500000 0.546859
vt 0.497908 0.546859
vt 0.464942 0.550446
vt 0.405967 0.599941
vt 0.464941 0.579519
vt 0.383278 0.833096
vt 0.405961 0.692288
vt 0.424299 0.831357
vt 0.465320 0.833096
vt 0.465320 0.850493
vt 0.442957 0.866127
vt 0.424299 0.852233
vt 0.412071 0.851714
vt 0.424299 0.865335
vt 0.383278 0.867075
vt 0.405194 0.885402
vt 0.424299 0.899314
vt 0.383278 0.901054
vt 0.405194 0.919381
vt 0.424299 0.933293
vt 0.383278 0.935033
vt 0.405193 0.953359
vt 0.424299 0.967272
vt 0.383278 0.969011
vt 0.383278 0.986409
vt 0.424299 0.988148
vt 0.625000 0.986643
vt 0.375000 0.271975
vt 0.424299 0.954170
vt 0.442957 0.968063
vt 0.424299 0.886212
vt 0.442957 0.900105
vt 0.424299 0.920191
vt 0.442957 0.934084
vt 0.465320 0.952430
vt 0.465320 0.918451
vt 0.465320 0.884472
vt 0.465320 0.986409
vt 0.146975 0.500000
vt 0.146975 0.750000
vt 0.375000 0.978025
vt 0.425976 1.000000
vt 1.000000 0.000000
vt 0.446706 0.987198
vt 0.818856 0.500000
vt 0.818856 0.538841
vt 0.625000 0.610536
vt 0.625000 0.585133
vt 0.625000 0.591698
vt 0.625000 0.618021
vt 0.500000 0.591106
vt 0.500000 0.616509
vt 0.625000 0.341252
vt 0.375000 0.341252
vt 0.625000 0.306144
vt 0.375000 0.306144
vt 0.625000 0.253084
vt 0.622903 0.250000
vt 0.625000 0.534238
vt 0.372429 0.776561
vt 0.372429 0.824479
vt 0.375000 0.776755
vt 0.375000 0.824285
vt 0.372429 0.874753
vt 0.372429 0.726287
vt 0.372429 0.922671
vt 0.375000 0.874947
vt 0.375000 0.922477
vt 0.372429 0.972946
vt 0.375000 0.973139
vt 0.375000 0.678562
vt 0.375000 0.726093
vt 0.372429 0.678369
vt 0.372429 0.628094
vt 0.375000 0.580370
vt 0.375000 0.627900
vt 0.372429 0.580176
vt 0.372429 0.529902
vt 0.375000 0.529708
vt 0.620181 0.592794
vt 0.500000 0.615057
vt 0.500000 0.589945
vt 0.375000 0.612094
vt 0.375000 0.586981
vt 0.125000 0.612094
vt 0.125000 0.586981
vt 0.125000 0.587935
vt 0.125000 0.618475
vt 0.391871 0.621676
vt 0.375000 0.587935
vt 0.424299 0.683396
vt 0.424299 0.721259
vt 0.475575 0.678369
vt 0.475575 0.726287
vt 0.475575 0.628094
vt 0.475575 0.776561
vt 0.475575 0.580176
vt 0.475575 0.529902
vt 0.424299 0.585204
vt 0.424299 0.524874
vt 0.424299 0.623067
vt 0.424299 0.819451
vt 0.424299 0.781588
vt 0.475575 0.824479
vt 0.475575 0.874753
vt 0.475575 0.922671
vt 0.475575 0.972946
vt 0.424299 0.917644
vt 0.424299 0.977973
vt 0.424299 0.879781
vt 0.216252 0.537997
vt 0.216252 0.500000
vt 0.125000 0.537997
vt 0.181144 0.537997
vt 0.181144 0.500000
vt 0.620180 0.157206
vt 0.620182 0.592794
vt 0.537237 0.972946
vt 0.537237 0.922671
vt 0.589106 0.977973
vt 0.625000 0.974494
vt 0.537237 0.874753
vt 0.589106 0.917644
vt 0.589106 0.879781
vt 0.625000 0.876302
vt 0.625000 0.921123
vt 0.537237 0.824479
vt 0.537237 0.776561
vt 0.589106 0.819451
vt 0.537237 0.726287
vt 0.589106 0.781588
vt 0.625000 0.778109
vt 0.625000 0.822930
vt 0.537237 0.678369
vt 0.589106 0.721259
vt 0.589106 0.683396
vt 0.625000 0.679917
vt 0.625000 0.724738
vt 0.537237 0.628094
vt 0.537237 0.580176
vt 0.537237 0.529902
vt 0.589106 0.585204
vt 0.589106 0.524874
vt 0.625000 0.528353
vt 0.589106 0.623067
vt 0.625000 0.626546
vt 0.625000 0.581725
vt 0.644205 0.726286
vt 0.644205 0.628094
vt 0.644205 0.529902
vt 0.644205 0.824479
vt 0.644205 0.922671
vt 0.391872 0.621676
vt 0.783748 0.534238
vt 0.783748 0.500000
vt 0.391871 0.621677
vt 0.431719 0.613438
vt 0.622903 0.208587
vt 0.625000 0.213764
vt 0.375000 0.212003
vt 0.375000 0.208424
s 1
f 1/1/1 2/2/2 3/3/3
f 2/2/2 1/1/1 4/4/4
f 5/5/5 1/1/1 3/3/3
f 5/5/5 6/6/6 1/1/1
f 7/7/7 8/8/8 9/9/7
f 7/7/7 9/9/7 10/10/8
f 11/10/9 12/9/10 13/11/9
f 11/10/9 13/11/9 14/12/10
f 15/13/11 16/14/12 17/15/13
f 16/14/12 15/13/11 18/16/14
f 19/17/12 20/13/15 17/15/16
f 21/18/14 20/13/15 19/17/12
f 22/18/14 23/19/17 24/13/11
f 23/19/17 22/18/14 25/20/18
f 26/19/17 27/16/14 24/13/15
f 27/16/14 26/19/17 28/21/18
f 29/22/19 30/19/20 31/20/21
f 30/19/20 29/22/19 32/23/22
f 33/24/19 34/19/20 32/23/22
f 34/19/20 33/24/19 35/21/21
f 36/15/23 37/25/24 38/26/25
f 37/25/24 36/15/23 39/14/26
f 40/27/24 41/15/27 38/26/28
f 42/17/26 41/15/27 40/27/24
f 43/26/29 44/28/30 45/29/31
f 44/28/30 43/26/29 46/25/24
f 47/30/30 48/26/32 45/29/31
f 49/27/24 48/26/32 47/30/30
f 50/12/33 51/7/33 52/31/33
f 52/31/33 51/7/33 53/32/33
f 54/33/33 50/12/33 52/31/33
f 50/12/33 54/33/33 55/34/33
f 56/35/34 57/36/35 58/37/36
f 57/36/35 56/35/34 59/38/37
f 57/36/35 60/39/34 58/37/36
f 60/39/34 57/36/35 61/40/37
f 58/37/36 62/41/38 63/35/34
f 62/41/38 58/37/36 64/42/39
f 65/8/40 62/41/38 64/42/39
f 65/8/40 64/42/39 66/9/40
f 58/37/36 67/43/38 64/42/39
f 66/9/40 64/42/39 67/43/38
f 67/43/38 58/37/36 68/39/34
f 66/9/40 67/43/38 69/11/41
f 70/44/33 71/9/33 72/10/33
f 71/9/33 70/44/33 73/8/33
f 72/10/33 74/7/33 70/44/33
f 71/9/33 75/45/33 72/10/33
f 75/45/33 76/12/33 72/10/33
f 75/45/33 71/9/33 77/11/33
f 78/44/33 79/9/33 80/10/33
f 79/9/33 78/44/33 81/8/33
f 80/10/33 82/7/33 78/44/33
f 79/9/33 83/45/33 80/10/33
f 83/45/33 84/12/33 80/10/33
f 83/45/33 79/9/33 85/11/33
f 86/46/42 87/47/43 88/48/43
f 86/46/42 88/48/43 89/49/42
f 90/50/42 91/51/43 92/52/43
f 90/50/42 92/52/43 93/53/42
f 94/23/44 95/24/45 96/23/46
f 96/23/46 97/22/19 94/23/44
f 98/48/47 99/49/33 100/46/33
f 98/48/47 100/46/33 101/47/48
f 102/52/47 103/53/33 104/50/33
f 102/52/47 104/50/33 105/51/48
f 106/54/42 107/55/42 108/56/42
f 107/55/42 106/54/42 109/48/42
f 107/55/42 109/48/42 110/57/42
f 109/48/42 111/58/42 110/57/42
f 112/7/42 113/59/42 114/60/42
f 113/59/42 112/7/42 115/12/42
f 116/12/42 117/7/42 118/7/42
f 119/12/42 117/7/42 116/12/42
f 120/8/42 121/11/42 122/8/42
f 122/8/42 121/11/42 123/11/42
f 124/8/42 123/11/42 125/11/42
f 126/8/42 123/11/42 124/8/42
f 124/8/42 127/11/42 128/8/42
f 128/8/42 127/11/42 129/11/42
f 130/8/42 129/11/42 131/11/42
f 129/11/42 130/8/42 132/8/42
f 133/8/42 134/11/42 135/8/42
f 135/8/42 134/11/42 136/11/42
f 137/8/49 138/38/50 139/36/51
f 137/8/49 139/36/51 140/9/51
f 140/9/51 139/36/51 141/40/52
f 140/9/51 141/40/52 142/11/52
f 143/8/49 144/38/50 145/36/51
f 143/8/49 145/36/51 146/9/51
f 146/9/51 145/36/51 147/40/52
f 146/9/51 147/40/52 148/11/53
f 149/61/42 150/62/42 151/63/42
f 149/61/42 151/63/42 152/64/42
f 153/11/54 154/8/55 155/65/56
f 153/11/54 155/65/56 156/66/55
f 157/48/57 158/67/58 159/51/57
f 158/67/58 157/48/57 160/68/58
f 158/67/58 160/68/58 161/69/59
f 161/69/59 160/68/58 162/70/59
f 163/36/60 164/71/51 165/72/51
f 164/71/51 163/36/60 166/8/51
f 166/8/51 163/36/60 167/9/51
f 163/36/60 168/11/51 167/9/51
f 168/11/51 163/36/60 169/73/51
f 169/73/51 163/36/60 170/74/51
f 171/54/61 172/75/61 173/76/61
f 171/54/61 174/77/61 172/75/61
f 175/78/61 174/77/61 171/54/61
f 174/77/61 175/78/61 176/79/61
f 174/77/61 176/79/61 177/80/61
f 177/80/61 176/79/61 178/81/61
f 179/60/62 180/66/63 181/65/63
f 179/60/62 182/59/63 180/66/63
f 183/80/64 184/81/65 185/81/66
f 185/81/66 186/80/64 183/80/64
f 186/80/64 187/77/67 183/80/64
f 187/77/67 186/80/64 188/77/68
f 188/77/68 189/75/69 187/77/67
f 188/77/68 190/75/70 189/75/69
f 191/76/71 189/75/69 190/75/70
f 189/75/69 191/76/71 192/76/71
f 193/54/72 192/76/71 191/76/71
f 192/76/71 193/54/72 194/54/72
f 195/78/73 194/54/72 193/54/72
f 194/54/72 195/78/73 196/78/73
f 195/78/73 197/79/74 196/78/73
f 195/78/73 198/79/74 197/79/74
f 198/79/74 199/82/66 197/79/74
f 199/82/66 198/79/74 200/82/65
f 201/79/75 202/83/61 203/82/61
f 202/83/61 201/79/75 204/84/75
f 205/78/33 204/84/75 201/79/75
f 204/84/75 205/78/33 206/85/33
f 207/54/76 206/85/33 205/78/33
f 206/85/33 207/54/76 208/12/77
f 209/76/51 208/12/77 207/54/76
f 208/12/77 209/76/51 210/45/51
f 211/75/78 210/45/51 209/76/51
f 210/45/51 211/75/78 212/11/78
f 213/77/42 212/11/78 211/75/78
f 212/11/78 213/77/42 214/86/42
f 215/80/79 214/86/42 213/77/42
f 214/86/42 215/80/79 216/40/80
f 217/81/61 216/40/80 215/80/79
f 216/40/80 217/81/61 218/87/61
f 219/77/42 220/80/81 221/77/42
f 220/80/81 219/77/42 222/80/81
f 222/80/81 223/81/82 220/80/81
f 223/81/82 222/80/81 224/81/82
f 221/77/42 225/75/83 219/77/42
f 225/75/83 221/77/42 226/75/83
f 227/76/84 225/75/83 226/75/83
f 227/76/84 226/75/83 228/76/84
f 229/54/85 227/76/84 228/76/84
f 229/54/85 228/76/84 230/54/86
f 229/54/85 230/54/86 231/78/33
f 230/54/86 232/78/33 231/78/33
f 231/78/33 232/78/33 233/79/87
f 232/78/33 234/79/87 233/79/87
f 234/79/87 235/82/88 233/79/87
f 236/82/88 235/82/88 234/79/87
f 237/7/89 238/84/90 239/88/91
f 238/84/90 237/7/89 240/12/92
f 241/88/89 242/12/90 243/7/91
f 242/12/90 241/88/89 244/84/92
f 245/88/93 246/89/94 247/90/94
f 245/88/93 247/90/94 248/84/93
f 249/80/82 250/78/82 251/79/82
f 249/80/82 251/79/82 252/81/82
f 250/78/82 249/80/82 253/77/82
f 254/75/82 250/78/82 253/77/82
f 250/78/82 254/75/82 255/54/82
f 255/54/82 254/75/82 256/76/82
f 257/80/84 258/78/84 259/79/84
f 257/80/84 259/79/84 260/81/84
f 258/78/84 257/80/84 261/77/84
f 262/75/84 258/78/84 261/77/84
f 258/78/84 262/75/84 263/54/84
f 263/54/84 262/75/84 264/76/84
f 265/8/51 266/38/51 267/40/51
f 265/8/51 267/40/51 268/11/51
f 269/8/51 270/40/51 271/38/51
f 270/40/51 269/8/51 272/11/51
f 273/8/95 274/91/95 275/92/95
f 275/92/95 276/93/95 273/8/95
f 276/93/95 275/92/95 277/94/96
f 274/91/95 273/8/95 278/95/97
f 278/95/97 279/96/95 274/91/95
f 278/95/97 280/97/98 279/96/95
f 281/11/99 282/25/99 283/14/99
f 282/25/99 281/11/99 284/98/99
f 284/98/99 285/28/100 282/25/99
f 281/11/99 283/14/99 286/99/101
f 286/99/101 283/14/99 287/16/99
f 287/16/99 288/21/102 286/99/101
f 289/100/103 290/7/104 291/54/105
f 290/7/104 289/100/103 292/101/106
f 293/102/107 294/12/108 295/103/109
f 296/48/110 294/12/108 293/102/107
f 297/7/111 298/100/112 299/54/113
f 298/100/112 297/7/111 300/101/114
f 301/102/115 302/12/116 303/48/117
f 302/12/116 301/102/115 304/103/118
f 305/54/119 306/7/120 307/101/103
f 305/54/119 307/101/103 308/100/121
f 309/54/111 305/54/119 310/100/122
f 311/100/123 309/54/111 310/100/122
f 307/101/124 312/7/113 313/101/125
f 312/7/113 307/101/124 314/7/120
f 311/100/114 312/7/113 315/54/111
f 312/7/113 311/100/114 316/101/126
f 317/102/127 318/12/110 319/48/108
f 318/12/110 317/102/127 320/103/107
f 321/103/128 322/12/117 318/12/110
f 322/12/117 321/103/128 323/103/129
f 324/48/116 317/102/130 325/48/131
f 317/102/130 324/48/116 326/102/132
f 323/103/133 324/48/134 327/12/117
f 324/48/134 323/103/133 328/102/115
f 329/103/135 330/12/131 331/12/116
f 329/103/135 331/12/116 332/103/132
f 333/104/61 334/105/61 335/62/61
f 335/62/61 334/105/61 336/61/61
f 337/62/61 338/105/61 339/104/61
f 338/105/61 337/62/61 340/61/61
f 341/106/84 342/107/84 343/108/84
f 344/109/84 343/108/84 342/107/84
f 343/108/84 345/110/84 341/106/84
f 343/108/84 344/109/84 346/7/84
f 345/110/84 347/111/84 341/106/84
f 347/111/84 346/7/84 344/109/84
f 347/111/84 345/110/84 348/8/84
f 346/7/84 347/111/84 348/8/84
f 349/112/82 350/113/82 351/11/82
f 352/12/82 351/11/82 350/113/82
f 350/113/82 349/112/82 353/114/82
f 352/12/82 350/113/82 354/115/82
f 355/116/82 353/114/82 349/112/82
f 354/115/82 355/116/82 352/12/82
f 353/114/82 355/116/82 356/117/82
f 355/116/82 354/115/82 356/117/82
f 357/80/136 358/81/137 359/80/138
f 358/81/137 357/80/136 360/81/139
f 361/77/140 357/80/136 359/80/138
f 357/80/136 361/77/140 362/77/140
f 363/75/141 362/77/140 361/77/140
f 362/77/140 363/75/141 364/75/141
f 365/76/142 364/75/141 363/75/141
f 364/75/141 365/76/142 366/76/142
f 367/54/143 366/76/142 365/76/142
f 366/76/142 367/54/143 368/54/143
f 369/78/144 368/54/143 367/54/143
f 368/54/143 369/78/144 370/78/144
f 369/78/144 371/79/145 370/78/144
f 369/78/144 372/79/145 371/79/145
f 373/82/146 371/79/145 372/79/145
f 372/79/145 374/82/147 373/82/146
f 375/80/148 376/81/149 377/80/148
f 376/81/149 375/80/148 378/81/150
f 379/77/151 375/80/148 377/80/148
f 375/80/148 379/77/151 380/77/152
f 381/75/153 380/77/152 379/77/151
f 380/77/152 381/75/153 382/75/154
f 383/76/155 382/75/154 381/75/153
f 382/75/154 383/76/155 384/76/156
f 385/54/157 384/76/156 383/76/155
f 384/76/156 385/54/157 386/54/158
f 387/78/159 386/54/158 385/54/157
f 386/54/158 387/78/159 388/78/160
f 387/78/159 389/79/161 388/78/160
f 387/78/159 390/79/161 389/79/161
f 391/82/162 389/79/161 390/79/161
f 390/79/161 392/82/163 391/82/162
f 393/75/164 394/8/164 395/75/165
f 394/8/164 393/75/164 396/8/164
f 397/11/166 398/49/166 399/49/166
f 397/11/166 399/49/166 400/11/167
f 401/8/168 402/75/164 403/8/165
f 404/75/168 403/8/165 402/75/164
f 405/11/166 406/49/166 407/49/166
f 406/49/166 405/11/166 408/11/166
f 409/60/33 410/59/33 411/7/33
f 411/7/33 410/59/33 412/12/33
f 411/7/33 413/12/33 414/7/33
f 411/7/33 415/12/33 413/12/33
f 416/54/169 417/60/84 418/7/170
f 417/60/84 416/54/169 419/118/84
f 420/101/122 418/7/171 421/7/119
f 418/7/171 420/101/122 422/101/172
f 423/54/120 416/54/113 424/100/124
f 424/100/124 416/54/113 425/100/125
f 426/8/33 427/11/33 428/8/33
f 427/11/33 426/8/33 429/11/33
f 429/11/33 430/8/33 431/11/33
f 429/11/33 432/8/33 430/8/33
f 433/8/33 434/11/33 430/8/33
f 434/11/33 433/8/33 435/11/33
f 436/8/33 435/11/33 437/8/33
f 436/8/33 438/11/33 435/11/33
f 439/8/33 440/11/33 441/8/33
f 440/11/33 439/8/33 442/11/33
f 443/59/82 444/119/82 445/12/173
f 444/119/82 446/48/174 445/12/173
f 446/48/117 447/102/128 448/102/129
f 447/102/128 446/48/117 449/48/110
f 450/75/84 451/8/84 452/75/84
f 451/8/84 450/75/84 453/8/84
f 454/11/82 455/49/82 456/49/82
f 454/11/82 456/49/82 457/11/82
f 458/8/175 459/11/175 460/65/176
f 460/65/176 459/11/175 461/66/175
f 462/59/82 463/12/174 464/119/82
f 464/119/82 463/12/174 465/48/173
f 466/54/170 467/7/169 468/60/84
f 466/54/170 468/60/84 469/118/84
f 470/8/84 471/75/84 472/8/84
f 473/75/84 472/8/84 471/75/84
f 474/11/82 475/49/82 476/49/82
f 475/49/82 474/11/82 477/11/82
f 478/76/84 479/120/84 480/44/84
f 480/44/84 479/120/84 481/121/84
f 479/120/84 478/76/84 482/122/84
f 482/122/84 478/76/84 483/123/84
f 484/124/82 485/68/82 486/45/82
f 484/124/82 486/45/82 487/125/82
f 488/126/82 485/68/82 484/124/82
f 485/68/82 488/126/82 489/70/82
f 490/89/84 491/44/84 492/127/84
f 493/54/84 491/44/84 490/89/84
f 491/44/84 493/54/84 494/76/84
f 495/48/82 496/45/82 497/68/82
f 496/45/82 495/48/82 498/90/82
f 496/45/82 498/90/82 499/128/82
f 500/54/177 501/32/177 502/7/177
f 501/32/177 500/54/177 503/56/177
f 504/48/178 505/12/178 506/58/178
f 507/34/178 506/58/178 505/12/178
f 508/49/179 509/66/179 510/11/179
f 509/66/179 508/49/179 511/129/180
f 512/65/181 513/75/182 514/8/183
f 513/75/182 512/65/181 515/130/182
f 516/49/184 517/11/180 518/66/179
f 516/49/184 518/66/179 519/129/184
f 520/8/181 521/75/182 522/130/182
f 520/8/181 522/130/182 523/65/182
f 524/75/185 525/8/185 526/8/186
f 524/75/185 526/8/186 527/75/186
f 528/8/187 527/75/186 526/8/186
f 527/75/186 528/8/187 529/75/188
f 530/8/189 529/75/188 528/8/187
f 529/75/188 530/8/189 531/75/189
f 532/49/190 533/11/191 534/11/192
f 532/49/190 534/11/192 535/49/192
f 533/11/191 532/49/190 536/49/193
f 533/11/191 536/49/193 537/11/194
f 537/11/194 536/49/193 538/49/195
f 537/11/194 538/49/195 539/11/195
f 540/75/185 541/8/196 542/8/185
f 541/8/196 540/75/185 543/75/197
f 541/8/196 543/75/197 544/8/198
f 545/75/198 544/8/198 543/75/197
f 544/8/198 545/75/198 546/8/189
f 547/75/189 546/8/189 545/75/198
f 548/49/192 549/11/192 550/49/190
f 551/11/199 550/49/190 549/11/192
f 551/11/199 552/49/193 550/49/190
f 552/49/193 551/11/199 553/11/193
f 553/11/193 554/49/195 552/49/193
f 554/49/195 553/11/193 555/11/195
f 556/93/95 557/94/95 558/131/95
f 559/28/99 560/98/99 561/132/99
f 562/7/84 563/75/84 564/8/84
f 563/75/84 562/7/84 565/54/84
f 565/54/84 562/7/84 566/133/84
f 567/11/82 568/49/82 569/12/82
f 570/48/82 569/12/82 568/49/82
f 569/12/82 570/48/82 571/134/82
f 572/129/54 573/50/55 574/135/54
f 575/49/54 573/50/55 572/129/54
f 576/54/82 577/7/82 578/133/82
f 579/75/82 577/7/82 576/54/82
f 577/7/82 579/75/82 580/8/82
f 581/48/84 582/12/84 583/49/84
f 583/49/84 582/12/84 584/11/84
f 582/12/84 581/48/84 585/134/84
f 586/48/42 587/136/42 588/51/42
f 587/136/42 586/48/42 589/119/42
f 586/48/42 590/51/42 591/48/42
f 586/48/42 592/51/42 590/51/42
f 593/49/42 594/50/42 595/50/42
f 595/50/42 596/49/42 593/49/42
f 594/50/42 597/49/42 598/50/42
f 594/50/42 599/49/42 597/49/42
f 600/50/42 597/49/42 601/49/42
f 601/49/42 602/50/42 600/50/42
f 603/49/42 604/50/42 602/50/42
f 603/49/42 602/50/42 605/49/42
f 606/49/42 607/50/42 608/50/42
f 608/50/42 609/49/42 606/49/42
f 610/127/200 611/90/201 612/89/201
f 611/90/201 610/127/200 613/128/200
f 614/59/202 615/60/202 616/66/203
f 616/66/203 615/60/202 617/65/202
f 618/38/204 619/137/205 620/138/205
f 619/137/205 618/38/204 621/40/204
f 622/120/206 619/137/207 623/124/206
f 622/120/206 624/138/207 619/137/207
f 625/99/208 626/21/209 627/24/210
f 625/99/208 627/24/210 628/139/192
f 629/54/211 630/95/212 631/140/185
f 630/95/212 629/54/211 632/97/213
f 633/60/214 634/118/215 635/65/216
f 635/65/216 634/118/215 636/130/215
f 637/119/217 638/66/218 639/129/217
f 638/66/218 637/119/217 640/59/219
f 641/118/220 642/60/220 643/65/216
f 641/118/220 643/65/216 644/130/214
f 645/59/217 646/129/221 647/66/217
f 646/129/221 645/59/217 648/119/217
f 649/77/42 650/80/80 651/80/80
f 650/80/80 652/81/61 651/80/80
f 650/80/80 653/81/61 652/81/61
f 649/77/42 651/80/80 654/77/42
f 655/75/222 649/77/42 654/77/42
f 655/75/222 654/77/42 656/75/222
f 657/76/51 655/75/222 656/75/222
f 657/76/51 656/75/222 658/76/51
f 659/54/77 657/76/51 658/76/51
f 659/54/77 658/76/51 660/54/77
f 661/78/33 659/54/77 660/54/77
f 661/78/33 660/54/77 662/78/33
f 663/79/75 661/78/33 662/78/33
f 663/79/75 662/78/33 664/79/223
f 665/82/224 663/79/75 664/79/223
f 665/82/224 664/79/223 666/82/224
f 667/62/33 668/61/33 669/63/33
f 669/63/33 668/61/33 670/64/33
f 671/136/63 672/119/63 673/135/63
f 673/135/63 672/119/63 674/129/63
f 675/141/82 676/53/82 677/142/82
f 678/143/82 677/142/82 676/53/82
f 677/142/82 678/143/82 679/144/82
f 680/145/84 681/146/84 682/147/84
f 683/146/84 684/145/84 685/46/84
f 683/146/84 685/46/84 686/148/84
f 687/143/84 688/142/84 689/53/84
f 689/53/84 688/142/84 690/141/84
f 688/142/84 687/143/84 691/144/84
f 692/146/82 693/46/82 694/148/82
f 692/146/82 695/145/82 693/46/82
f 696/145/82 697/146/82 698/147/82
f 699/48/225 700/12/225 701/68/226
f 702/45/227 701/68/226 700/12/225
f 703/49/228 701/68/226 702/45/227
f 704/11/228 703/49/228 702/45/227
f 705/54/229 706/44/230 707/7/229
f 706/44/230 705/54/229 708/76/231
f 708/76/231 709/8/232 706/44/230
f 709/8/232 708/76/231 710/75/232
f 711/48/233 712/12/233 713/68/226
f 714/45/227 713/68/226 712/12/233
f 715/49/228 713/68/226 714/45/227
f 716/11/228 715/49/228 714/45/227
f 717/54/234 718/44/235 719/7/234
f 718/44/235 717/54/234 720/76/231
f 720/76/231 721/8/236 718/44/235
f 721/8/236 720/76/231 722/75/232
f 723/105/42 724/104/42 725/149/42
f 725/149/42 724/104/42 726/150/42
f 727/84/237 728/83/238 729/79/87
f 728/83/238 730/82/238 729/79/87
f 729/79/87 731/85/33 727/84/237
f 731/85/33 729/79/87 732/78/33
f 732/78/33 733/12/239 731/85/33
f 733/12/239 732/78/33 734/54/86
f 735/76/84 733/12/239 734/54/86
f 733/12/239 735/76/84 736/45/84
f 737/75/83 736/45/84 735/76/84
f 736/45/84 737/75/83 738/11/240
f 737/75/83 739/86/42 738/11/240
f 739/86/42 737/75/83 740/77/42
f 740/77/42 741/80/81 739/86/42
f 739/86/42 741/80/81 742/40/81
f 742/40/81 741/80/81 743/81/82
f 744/87/82 742/40/81 743/81/82
f 745/84/76 746/83/241 747/79/77
f 746/83/241 748/82/51 747/79/77
f 745/84/76 747/79/77 749/78/33
f 750/85/33 745/84/76 749/78/33
f 749/78/33 751/12/223 750/85/33
f 751/12/223 749/78/33 752/54/223
f 751/12/223 752/54/223 753/76/61
f 754/45/61 751/12/223 753/76/61
f 754/45/61 753/76/61 755/75/80
f 756/11/80 754/45/61 755/75/80
f 756/11/80 755/75/80 757/77/42
f 758/86/42 756/11/80 757/77/42
f 757/77/42 759/40/242 758/86/42
f 759/40/242 757/77/42 760/80/242
f 759/40/242 760/80/242 761/81/243
f 762/87/51 759/40/242 761/81/243
f 763/125/244 764/121/244 765/120/245
f 765/120/245 766/124/245 763/125/244
f 767/121/246 768/125/246 769/44/33
f 769/44/33 768/125/246 770/45/33
f 769/44/33 770/45/33 771/127/247
f 771/127/247 770/45/33 772/128/247
f 773/40/248 774/11/249 775/33/250
f 773/40/248 775/33/250 776/57/251
f 776/57/251 775/33/250 777/31/252
f 776/57/251 777/31/252 778/55/253
f 778/55/253 777/31/252 779/8/254
f 778/55/253 779/8/254 780/38/254
f 781/75/84 782/77/84 783/75/84
f 782/77/84 781/75/84 784/77/84
f 785/76/84 781/75/84 783/75/84
f 786/80/84 782/77/84 784/77/84
f 785/76/84 783/75/84 787/76/84
f 782/77/84 786/80/84 788/80/84
f 789/81/84 788/80/84 786/80/84
f 788/80/84 789/81/84 790/81/84
f 791/54/84 785/76/84 787/76/84
f 791/54/84 787/76/84 792/54/84
f 792/54/84 793/78/84 791/54/84
f 792/54/84 794/78/84 793/78/84
f 795/79/84 793/78/84 794/78/84
f 793/78/84 795/79/84 796/79/84
f 797/82/84 796/79/84 795/79/84
f 796/79/84 797/82/84 798/82/84
f 799/75/82 800/77/82 801/75/82
f 800/77/82 799/75/82 802/77/82
f 803/76/82 799/75/82 801/75/82
f 804/80/82 800/77/82 802/77/82
f 803/76/82 801/75/82 805/76/82
f 800/77/82 804/80/82 806/80/82
f 807/81/82 806/80/82 804/80/82
f 806/80/82 807/81/82 808/81/82
f 809/54/82 803/76/82 805/76/82
f 809/54/82 805/76/82 810/54/82
f 810/54/82 811/78/82 809/54/82
f 810/54/82 812/78/82 811/78/82
f 813/79/82 811/78/82 812/78/82
f 811/78/82 813/79/82 814/79/82
f 815/82/82 814/79/82 813/79/82
f 814/79/82 815/82/82 816/82/82
f 817/151/61 818/10/61 819/139/192
f 819/139/192 820/152/255 817/151/61
f 821/151/256 822/140/185 818/10/256
f 822/140/185 821/151/256 823/153/257
f 824/7/61 825/151/258 826/154/61
f 825/151/258 827/155/61 826/154/61
f 825/151/258 824/7/61 828/10/61
f 829/12/61 825/151/258 828/10/61
f 825/151/258 829/12/61 830/156/61
f 831/157/61 825/151/258 830/156/61
f 832/150/51 833/63/51 834/64/51
f 832/150/51 834/64/51 835/149/51
f 836/150/51 837/64/51 838/63/51
f 837/64/51 836/150/51 839/149/51
f 840/50/175 841/49/259 842/129/175
f 840/50/175 842/129/175 843/135/259
f 844/77/42 845/80/222 846/77/42
f 845/80/222 844/77/42 847/80/222
f 847/80/222 848/81/51 845/80/222
f 848/81/51 847/80/222 849/81/51
f 846/77/42 850/75/80 844/77/42
f 850/75/80 846/77/42 851/75/80
f 851/75/80 852/76/61 850/75/80
f 853/76/61 852/76/61 851/75/80
f 853/76/61 854/54/223 852/76/61
f 855/54/75 854/54/223 853/76/61
f 855/54/75 856/78/33 854/54/223
f 856/78/33 855/54/75 857/78/33
f 857/78/33 858/79/77 856/78/33
f 859/79/77 858/79/77 857/78/33
f 859/79/77 860/82/260 858/79/77
f 861/82/260 860/82/260 859/79/77
f 862/82/51 863/79/77 864/82/51
f 863/79/77 862/82/51 865/79/261
f 865/79/261 866/78/33 863/79/77
f 866/78/33 865/79/261 867/78/33
f 866/78/33 867/78/33 868/54/75
f 868/54/75 867/78/33 869/54/75
f 868/54/75 869/54/75 870/76/61
f 870/76/61 869/54/75 871/76/61
f 870/76/61 871/76/61 872/75/80
f 872/75/80 871/76/61 873/75/80
f 873/75/80 874/77/42 872/75/80
f 874/77/42 873/75/80 875/77/42
f 874/77/42 875/77/42 876/80/78
f 876/80/78 875/77/42 877/80/78
f 876/80/78 877/80/78 878/81/51
f 878/81/51 877/80/78 879/81/51
f 880/82/61 881/79/223 882/79/75
f 880/82/61 882/79/75 883/82/61
f 881/79/223 884/78/33 882/79/75
f 881/79/223 885/78/33 884/78/33
f 885/78/33 886/54/77 884/78/33
f 885/78/33 887/54/77 886/54/77
f 887/54/77 888/76/51 886/54/77
f 887/54/77 889/76/51 888/76/51
f 889/76/51 890/75/78 888/76/51
f 889/76/51 891/75/78 890/75/78
f 891/75/78 892/77/42 890/75/78
f 891/75/78 893/77/42 892/77/42
f 893/77/42 894/80/80 892/77/42
f 893/77/42 895/80/80 894/80/80
f 895/80/80 896/81/61 894/80/80
f 895/80/80 897/81/61 896/81/61
f 898/82/82 899/82/82 900/79/87
f 900/79/87 899/82/82 901/79/87
f 902/78/33 900/79/87 901/79/87
f 903/78/33 902/78/33 901/79/87
f 904/54/85 902/78/33 903/78/33
f 905/54/86 904/54/85 903/78/33
f 905/54/86 906/76/84 904/54/85
f 905/54/86 907/76/84 906/76/84
f 907/76/84 908/75/83 906/76/84
f 907/76/84 909/75/83 908/75/83
f 909/75/83 910/77/42 908/75/83
f 910/77/42 909/75/83 911/77/42
f 911/77/42 912/80/262 910/77/42
f 912/80/262 911/77/42 913/80/81
f 913/80/81 914/81/82 912/80/262
f 914/81/82 913/80/81 915/81/82
f 916/119/202 917/136/263 918/135/202
f 916/119/202 918/135/202 919/129/202
f 920/75/51 921/77/51 922/75/51
f 921/77/51 920/75/51 923/77/51
f 924/76/51 920/75/51 922/75/51
f 925/80/51 921/77/51 923/77/51
f 924/76/51 922/75/51 926/76/51
f 921/77/51 925/80/51 927/80/51
f 928/81/51 927/80/51 925/80/51
f 927/80/51 928/81/51 929/81/51
f 930/54/51 924/76/51 926/76/51
f 930/54/51 926/76/51 931/54/51
f 931/54/51 932/78/51 930/54/51
f 931/54/51 933/78/51 932/78/51
f 934/79/51 932/78/51 933/78/51
f 932/78/51 934/79/51 935/79/51
f 936/82/51 935/79/51 934/79/51
f 935/79/51 936/82/51 937/82/51
f 938/141/42 939/142/264 940/7/265
f 938/141/42 940/7/265 941/8/42
f 939/142/264 942/158/266 940/7/265
f 942/158/266 939/142/264 943/144/266
f 943/144/266 944/88/48 942/158/266
f 944/88/48 943/144/266 945/143/48
f 946/147/266 947/12/264 948/85/266
f 948/85/266 949/145/48 946/147/266
f 950/84/48 949/145/48 948/85/266
f 947/12/264 946/147/266 951/146/265
f 951/146/265 952/11/42 947/12/264
f 952/11/42 951/146/265 953/148/42
f 954/48/33 955/51/33 956/136/33
f 956/136/33 957/119/33 954/48/33
f 958/51/33 959/48/33 960/51/33
f 960/51/33 959/48/33 961/48/33
f 962/49/33 963/50/33 964/50/33
f 963/50/33 962/49/33 965/49/33
f 966/49/33 964/50/33 967/49/33
f 967/49/33 964/50/33 968/50/33
f 969/50/33 970/49/33 967/49/33
f 970/49/33 969/50/33 971/50/33
f 972/50/33 973/49/33 971/50/33
f 971/50/33 973/49/33 974/49/33
f 975/49/33 976/50/33 977/50/33
f 976/50/33 975/49/33 978/49/33
f 979/104/33 980/149/33 981/150/33
f 979/104/33 982/105/33 980/149/33
f 983/7/267 984/8/33 985/141/33
f 983/7/267 985/141/33 986/142/268
f 987/158/269 983/7/267 986/142/268
f 987/158/269 986/142/268 988/144/270
f 989/88/271 987/158/269 988/144/270
f 989/88/271 988/144/270 990/143/43
f 991/147/272 992/146/267 993/12/268
f 992/146/267 994/11/33 993/12/268
f 992/146/267 995/148/33 994/11/33
f 991/147/272 993/12/268 996/85/270
f 997/145/271 991/147/272 996/85/270
f 997/145/271 996/85/270 998/84/43
f 999/1/42 1000/68/42 1001/49/42
f 1000/68/42 999/1/42 1002/3/42
f 1000/68/42 1002/3/42 1003/48/42
f 999/1/42 1004/67/42 1002/3/42
f 1004/67/42 1005/51/42 1002/3/42
f 1004/67/42 999/1/42 1006/50/42
f 1007/1/42 1008/68/42 1009/49/42
f 1008/68/42 1007/1/42 1010/3/42
f 1008/68/42 1010/3/42 1011/48/42
f 1007/1/42 1012/67/42 1010/3/42
f 1012/67/42 1013/51/42 1010/3/42
f 1012/67/42 1007/1/42 1014/50/42
f 1015/9/33 1016/99/33 1017/95/33
f 1016/99/33 1015/9/33 1018/11/33
f 1015/9/33 1017/95/33 1019/8/33
f 1016/99/33 1020/10/33 1017/95/33
f 1017/95/33 1020/10/33 1021/140/33
f 1020/10/33 1016/99/33 1022/139/33
f 1023/159/273 1024/160/273 1025/3/273
f 1023/159/273 1025/3/273 1026/1/273
f 1027/1/274 1028/3/274 1029/161/274
f 1027/1/274 1029/161/274 1030/162/274
f 1031/160/275 1032/50/276 1033/51/277
f 1032/50/276 1031/160/275 1034/159/275
f 1035/162/278 1036/161/278 1037/116/279
f 1035/162/278 1037/116/279 1038/112/280
f 1039/163/281 1040/164/282 1041/10/283
f 1039/163/281 1041/10/283 1042/9/284
f 1041/10/283 1043/165/285 1042/9/284
f 1043/165/285 1041/10/283 1044/166/286
f 1042/9/284 1045/165/285 1046/36/1
f 1046/36/1 1045/165/285 1047/167/287
f 1046/36/1 1048/163/288 1042/9/284
f 1049/168/6 1048/163/288 1046/36/1
f 1050/164/282 1051/151/3 1041/10/283
f 1051/151/3 1050/164/282 1052/169/289
f 1041/10/283 1051/151/3 1053/166/290
f 1053/166/290 1051/151/3 1054/170/2
f 1055/48/291 1056/50/292 1057/51/293
f 1056/50/292 1055/48/291 1058/49/292
f 1059/51/294 1055/48/291 1057/51/293
f 1055/48/291 1059/51/294 1060/48/294
f 1061/51/295 1060/48/294 1059/51/294
f 1060/48/294 1061/51/295 1062/48/296
f 1063/51/297 1062/48/296 1061/51/295
f 1062/48/296 1063/51/297 1064/48/298
f 1065/79/299 1066/84/299 1067/83/300
f 1067/83/300 1068/82/300 1065/79/299
f 1066/84/299 1065/79/299 1069/78/301
f 1069/78/301 1070/85/302 1066/84/299
f 1070/85/302 1069/78/301 1071/54/303
f 1071/54/303 1072/12/303 1070/85/302
f 1072/12/303 1071/54/303 1073/76/304
f 1073/76/304 1074/45/304 1072/12/303
f 1074/45/304 1073/76/304 1075/75/305
f 1075/75/305 1076/11/306 1074/45/304
f 1076/11/306 1075/75/305 1077/77/307
f 1077/77/307 1078/86/307 1076/11/306
f 1078/86/307 1077/77/307 1079/80/308
f 1079/80/308 1080/40/308 1078/86/307
f 1080/40/308 1079/80/308 1081/81/309
f 1081/81/309 1082/87/309 1080/40/308
f 1083/171/310 1084/172/310 1085/173/310
f 1083/171/310 1086/174/310 1084/172/310
f 1087/175/310 1086/174/310 1083/171/310
f 1086/174/310 1087/175/310 1088/176/310
f 1086/174/310 1088/176/310 1089/177/310
f 1089/177/310 1088/176/310 1090/178/310
f 1091/179/311 1092/180/311 1093/181/311
f 1092/180/311 1094/182/311 1093/181/311
f 1095/183/311 1094/182/311 1092/180/311
f 1094/182/311 1095/183/311 1096/184/311
f 1097/185/311 1096/184/311 1095/183/311
f 1096/184/311 1097/185/311 1098/186/311
f 1099/187/312 1100/187/313 1101/187/314
f 1100/187/313 1099/187/312 1102/187/301
f 1099/187/312 1101/187/314 1103/187/313
f 1100/187/313 1104/187/315 1101/187/314
f 1101/187/314 1104/187/315 1105/187/301
f 1104/187/315 1100/187/313 1106/187/314
f 1107/11/310 1108/49/310 1109/12/310
f 1108/49/310 1110/48/310 1109/12/310
f 1111/7/311 1112/75/311 1113/8/316
f 1112/75/311 1111/7/311 1114/54/311
f 1115/48/310 1116/12/310 1117/12/317
f 1116/12/310 1115/48/310 1118/48/310
f 1119/54/311 1120/7/311 1121/54/311
f 1120/7/311 1119/54/311 1122/7/311
f 1123/54/311 1124/54/311 1125/7/311
f 1124/54/311 1126/7/311 1125/7/311
f 1125/7/311 1127/54/311 1123/54/311
f 1127/54/311 1125/7/311 1128/7/311
f 1129/48/310 1130/12/310 1131/12/310
f 1130/12/310 1129/48/310 1132/48/310
f 1133/48/310 1130/12/310 1132/48/310
f 1130/12/310 1133/48/310 1134/12/310
f 1135/187/307 1136/187/318 1137/187/318
f 1136/187/318 1138/187/318 1137/187/318
f 1139/187/319 1136/187/318 1135/187/307
f 1138/187/318 1136/187/318 1140/187/318
f 1135/187/307 1141/187/320 1139/187/319
f 1140/187/318 1142/187/321 1138/187/318
f 1141/187/320 1135/187/307 1143/187/307
f 1142/187/321 1144/187/322 1138/187/318
f 1143/187/307 1145/187/307 1141/187/320
f 1142/187/321 1146/187/307 1144/187/322
f 1145/187/307 1143/187/307 1147/187/307
f 1144/187/322 1146/187/307 1148/187/307
f 1147/187/307 1149/187/318 1145/187/307
f 1146/187/307 1149/187/318 1148/187/307
f 1149/187/318 1147/187/307 1150/187/318
f 1148/187/307 1149/187/318 1150/187/318
f 1151/187/323 1152/187/304 1153/187/324
f 1154/187/325 1153/187/324 1152/187/304
f 1152/187/304 1151/187/323 1155/187/323
f 1153/187/324 1154/187/325 1156/187/325
f 1157/187/311 1155/187/323 1151/187/323
f 1158/187/310 1156/187/325 1154/187/325
f 1155/187/323 1157/187/311 1159/187/311
f 1156/187/325 1158/187/310 1160/187/310
f 1161/187/326 1159/187/311 1157/187/311
f 1162/187/327 1160/187/310 1158/187/310
f 1159/187/311 1161/187/326 1163/187/326
f 1160/187/310 1162/187/327 1164/187/327
f 1165/187/328 1163/187/326 1161/187/326
f 1162/187/327 1166/187/300 1164/187/327
f 1166/187/300 1163/187/326 1165/187/328
f 1164/187/327 1166/187/300 1165/187/328
f 1167/187/318 1168/187/307 1169/187/307
f 1169/187/307 1168/187/307 1170/187/320
f 1167/187/318 1169/187/307 1171/187/307
f 1167/187/318 1172/187/320 1168/187/307
f 1168/187/307 1172/187/320 1173/187/307
f 1172/187/320 1167/187/318 1174/187/321
f 1175/187/300 1176/187/327 1177/187/309
f 1177/187/309 1176/187/327 1178/187/327
f 1179/187/326 1175/187/300 1177/187/309
f 1180/187/310 1178/187/327 1176/187/327
f 1181/187/326 1175/187/300 1179/187/326
f 1178/187/327 1180/187/310 1182/187/310
f 1179/187/326 1183/187/311 1181/187/326
f 1184/187/325 1182/187/310 1180/187/310
f 1181/187/326 1183/187/311 1185/187/311
f 1186/187/325 1182/187/310 1184/187/325
f 1183/187/311 1187/187/323 1185/187/311
f 1188/187/304 1186/187/325 1184/187/325
f 1185/187/311 1187/187/323 1189/187/323
f 1190/187/329 1186/187/325 1188/187/304
f 1187/187/323 1190/187/329 1189/187/323
f 1189/187/323 1190/187/329 1188/187/304
f 1191/8/330 1192/11/330 1193/7/331
f 1193/7/331 1192/11/330 1194/12/332
f 1193/7/331 1194/12/332 1195/12/333
f 1195/12/333 1196/7/334 1193/7/331
f 1196/7/334 1195/12/333 1197/12/335
f 1197/12/335 1198/7/336 1196/7/334
f 1198/7/336 1197/12/335 1199/12/337
f 1199/12/337 1200/7/338 1198/7/336
f 1201/48/339 1202/50/340 1203/51/339
f 1202/50/340 1201/48/339 1204/49/340
f 1205/51/341 1201/48/339 1203/51/339
f 1201/48/339 1205/51/341 1206/48/341
f 1207/51/342 1206/48/341 1205/51/341
f 1206/48/341 1207/51/342 1208/48/343
f 1209/51/344 1208/48/343 1207/51/342
f 1208/48/343 1209/51/344 1210/48/344
f 1211/79/345 1212/84/345 1213/83/346
f 1213/83/346 1214/82/346 1211/79/345
f 1212/84/345 1211/79/345 1215/78/347
f 1215/78/347 1216/85/347 1212/84/345
f 1216/85/347 1215/78/347 1217/54/348
f 1217/54/348 1218/12/348 1216/85/347
f 1218/12/348 1217/54/348 1219/76/349
f 1219/76/349 1220/45/349 1218/12/348
f 1220/45/349 1219/76/349 1221/75/350
f 1221/75/350 1222/11/351 1220/45/349
f 1222/11/351 1221/75/350 1223/77/352
f 1223/77/352 1224/86/352 1222/11/351
f 1224/86/352 1223/77/352 1225/80/353
f 1225/80/353 1226/40/353 1224/86/352
f 1226/40/353 1225/80/353 1227/81/354
f 1227/81/354 1228/87/354 1226/40/353
f 1229/171/355 1230/172/355 1231/173/355
f 1229/171/355 1232/174/355 1230/172/355
f 1233/175/355 1232/174/355 1229/171/355
f 1232/174/355 1233/175/355 1234/176/355
f 1232/174/355 1234/176/355 1235/177/355
f 1235/177/355 1234/176/355 1236/178/355
f 1237/179/356 1238/180/356 1239/181/356
f 1238/180/356 1240/182/356 1239/181/356
f 1241/183/356 1240/182/356 1238/180/356
f 1240/182/356 1241/183/356 1242/184/356
f 1243/185/356 1242/184/356 1241/183/356
f 1242/184/356 1243/185/356 1244/186/356
f 1245/187/357 1246/187/358 1247/187/357
f 1246/187/358 1245/187/357 1248/187/357
f 1245/187/357 1247/187/357 1249/187/357
f 1246/187/358 1250/187/359 1247/187/357
f 1247/187/357 1250/187/359 1251/187/357
f 1250/187/359 1246/187/358 1252/187/357
f 1253/11/355 1254/49/355 1255/12/355
f 1254/49/355 1256/48/355 1255/12/355
f 1257/7/356 1258/75/356 1259/8/356
f 1258/75/356 1257/7/356 1260/54/356
f 1261/48/355 1262/12/355 1263/12/355
f 1262/12/355 1261/48/355 1264/48/360
f 1265/54/356 1266/7/356 1267/54/356
f 1266/7/356 1265/54/356 1268/7/361
f 1269/54/356 1270/54/356 1271/7/356
f 1270/54/356 1272/7/356 1271/7/356
f 1271/7/356 1273/54/356 1269/54/356
f 1273/54/356 1271/7/356 1274/7/356
f 1275/48/355 1276/12/355 1277/12/355
f 1276/12/355 1275/48/355 1278/48/355
f 1279/48/355 1276/12/355 1278/48/355
f 1276/12/355 1279/48/355 1280/12/355
f 1281/187/362 1282/187/363 1283/187/352
f 1282/187/363 1284/187/363 1283/187/352
f 1285/187/352 1282/187/363 1281/187/362
f 1284/187/363 1282/187/363 1286/187/363
f 1281/187/362 1287/187/362 1285/187/352
f 1286/187/363 1288/187/352 1284/187/363
f 1287/187/362 1281/187/362 1289/187/363
f 1288/187/352 1290/187/362 1284/187/363
f 1289/187/363 1291/187/352 1287/187/362
f 1288/187/352 1292/187/362 1290/187/362
f 1291/187/352 1289/187/363 1293/187/362
f 1290/187/362 1292/187/362 1294/187/352
f 1293/187/362 1295/187/364 1291/187/352
f 1292/187/362 1295/187/364 1294/187/352
f 1295/187/364 1293/187/362 1296/187/365
f 1294/187/352 1295/187/364 1296/187/365
f 1297/187/366 1298/187/349 1299/187/349
f 1300/187/367 1299/187/349 1298/187/349
f 1298/187/349 1297/187/366 1301/187/366
f 1299/187/349 1300/187/367 1302/187/367
f 1303/187/356 1301/187/366 1297/187/366
f 1304/187/355 1302/187/367 1300/187/367
f 1301/187/366 1303/187/356 1305/187/356
f 1302/187/367 1304/187/355 1306/187/355
f 1307/187/368 1305/187/356 1303/187/356
f 1308/187/369 1306/187/355 1304/187/355
f 1305/187/356 1307/187/368 1309/187/368
f 1306/187/355 1308/187/369 1310/187/369
f 1311/187/346 1309/187/368 1307/187/368
f 1308/187/369 1312/187/370 1310/187/369
f 1312/187/370 1309/187/368 1311/187/346
f 1310/187/369 1312/187/370 1311/187/346
f 1313/187/352 1314/187/352 1315/187/362
f 1315/187/362 1314/187/352 1316/187/362
f 1313/187/352 1315/187/362 1317/187/352
f 1313/187/352 1318/187/362 1314/187/352
f 1314/187/352 1318/187/362 1319/187/352
f 1318/187/362 1313/187/352 1320/187/362
f 1321/187/346 1322/187/369 1323/187/371
f 1323/187/371 1322/187/369 1324/187/369
f 1325/187/368 1321/187/346 1323/187/371
f 1326/187/355 1324/187/369 1322/187/369
f 1327/187/368 1321/187/346 1325/187/368
f 1324/187/369 1326/187/355 1328/187/355
f 1325/187/368 1329/187/356 1327/187/368
f 1330/187/367 1328/187/355 1326/187/355
f 1327/187/368 1329/187/356 1331/187/356
f 1332/187/367 1328/187/355 1330/187/367
f 1329/187/356 1333/187/366 1331/187/356
f 1334/187/372 1332/187/367 1330/187/367
f 1331/187/356 1333/187/366 1335/187/366
f 1336/187/372 1332/187/367 1334/187/372
f 1333/187/366 1336/187/372 1335/187/366
f 1335/187/366 1336/187/372 1334/187/372
f 1337/8/373 1338/11/373 1339/7/374
f 1339/7/374 1338/11/373 1340/12/375
f 1339/7/374 1340/12/375 1341/12/376
f 1341/12/376 1342/7/376 1339/7/374
f 1342/7/376 1341/12/376 1343/12/377
f 1343/12/377 1344/7/378 1342/7/376
f 1344/7/378 1343/12/377 1345/12/379
f 1345/12/379 1346/7/379 1344/7/378
f 1347/12/380 1349/85/381 1348/84/382
f 1350/45/381 1347/12/380 1348/84/382
f 1348/84/382 1351/87/380 1350/45/381
f 1350/45/381 1351/87/380 1352/40/381
f 1352/40/381 1353/11/383 1350/45/381
f 1352/40/381 1354/86/384 1353/11/383
f 1355/12/381 1357/48/382 1356/49/381
f 1356/49/381 1358/11/381 1355/12/381
f 1359/54/385 1361/7/385 1360/8/385
f 1360/8/385 1362/75/385 1359/54/385
f 1363/12/386 1365/151/82 1364/84/387
f 1363/12/386 1366/10/82 1365/151/82
f 1367/88/388 1365/151/82 1366/10/82
f 1366/10/82 1368/7/389 1367/88/388
f 1369/54/390 1371/7/390 1370/8/390
f 1370/8/390 1372/75/391 1369/54/390
f 1373/51/392 1375/50/393 1374/1/394
f 1374/1/394 1376/3/394 1373/51/392
f 1376/3/394 1374/1/394 1377/49/395
f 1377/49/395 1378/48/396 1376/3/394
f 1379/10/397 1381/12/398 1380/11/399
f 1379/10/397 1380/11/399 1382/9/397
f 1383/7/400 1379/10/397 1382/9/397
f 1382/9/397 1384/8/401 1383/7/400
f 1385/49/394 1387/48/394 1386/51/394
f 1386/51/394 1388/50/394 1385/49/394
f 1389/12/397 1391/11/397 1390/7/397
f 1391/11/397 1392/8/397 1390/7/397
f 1393/188/402 1395/40/403 1394/87/404
f 1394/87/404 1396/189/405 1393/188/402
f 1397/11/406 1399/190/407 1398/191/408
f 1398/191/408 1400/45/408 1397/11/406
f 1401/191/409 1403/12/410 1402/45/411
f 1403/12/410 1401/191/409 1404/192/412
f 1405/193/413 1407/194/414 1406/83/415
f 1406/83/415 1408/84/416 1405/193/413
f 1409/192/417 1411/85/418 1410/12/419
f 1411/85/418 1409/192/417 1412/195/420
f 1412/195/420 1413/84/421 1411/85/418
f 1413/84/421 1412/195/420 1414/193/422
f 1415/40/423 1417/188/424 1416/196/425
f 1416/196/425 1418/86/426 1415/40/423
f 1418/86/426 1416/196/425 1419/190/427
f 1419/190/427 1420/11/428 1418/86/426
f 1421/38/429 1423/8/430 1422/40/431
f 1423/8/430 1424/11/429 1422/40/431
f 1425/84/432 1427/12/433 1426/88/434
f 1427/12/433 1428/7/435 1426/88/434
f 1429/9/84 1431/40/436 1430/36/84
f 1429/9/84 1432/11/437 1431/40/436
f 1429/9/84 1430/36/84 1433/38/438
f 1433/38/438 1434/8/439 1429/9/84
f 1435/190/440 1437/196/441 1436/196/442
f 1436/196/442 1438/190/443 1435/190/440
f 1439/188/444 1436/196/442 1437/196/441
f 1435/190/440 1438/190/443 1440/191/445
f 1437/196/441 1441/188/446 1439/188/444
f 1439/188/444 1441/188/446 1442/189/447
f 1439/188/444 1442/189/447 1443/189/447
f 1444/191/445 1435/190/440 1440/191/445
f 1445/192/448 1444/191/445 1440/191/445
f 1440/191/445 1446/192/449 1445/192/448
f 1446/192/449 1447/195/450 1445/192/448
f 1447/195/450 1448/195/451 1445/192/448
f 1447/195/450 1449/193/452 1448/195/451
f 1449/193/452 1450/193/453 1448/195/451
f 1451/194/454 1450/193/453 1449/193/452
f 1449/193/452 1452/194/454 1451/194/454
f 1453/189/455 1455/188/456 1454/188/457
f 1454/188/457 1456/189/458 1453/189/455
f 1454/188/457 1455/188/456 1457/196/459
f 1454/188/457 1457/196/459 1458/196/459
f 1459/190/460 1458/196/459 1457/196/459
f 1457/196/459 1460/190/461 1459/190/460
f 1461/191/462 1459/190/460 1460/190/461
f 1460/190/461 1462/191/463 1461/191/462
f 1463/192/464 1461/191/462 1462/191/463
f 1463/192/464 1464/192/465 1461/191/462
f 1464/192/465 1463/192/464 1465/195/466
f 1465/195/466 1466/195/467 1464/192/465
f 1467/193/468 1466/195/467 1465/195/466
f 1465/195/466 1468/193/469 1467/193/468
f 1469/194/470 1467/193/468 1468/193/469
f 1469/194/470 1470/194/455 1467/193/468
f 1471/12/471 1473/48/471 1472/49/471
f 1472/49/471 1474/11/471 1471/12/471
f 1475/75/33 1476/76/33 1477/76/33
f 1478/54/33 1477/76/33 1476/76/33
f 1475/75/33 1477/76/33 1479/75/33
f 1477/76/33 1478/54/33 1480/54/33
f 1481/77/33 1475/75/33 1479/75/33
f 1478/54/33 1482/78/33 1480/54/33
f 1475/75/33 1481/77/33 1483/77/33
f 1478/54/33 1484/78/33 1482/78/33
f 1481/77/33 1485/80/33 1483/77/33
f 1486/79/33 1482/78/33 1484/78/33
f 1485/80/33 1481/77/33 1487/80/33
f 1488/81/33 1485/80/33 1487/80/33
f 1485/80/33 1488/81/33 1489/81/33
f 1482/78/33 1486/79/33 1490/79/33
f 1486/79/33 1491/82/33 1490/79/33
f 1491/82/33 1486/79/33 1492/82/33
f 1493/78/472 1494/79/473 1495/78/474
f 1494/79/475 1496/82/476 1497/79/477
f 1498/54/478 1493/78/479 1499/54/33
f 1500/76/480 1498/54/481 1501/76/33
f 1502/75/482 1500/76/483 1503/75/33
f 1504/77/484 1502/75/485 1505/77/486
f 1506/80/487 1504/77/488 1507/80/489
f 1508/81/490 1506/80/491 1509/81/492
f 1510/40/42 1511/86/42 1512/86/42
f 1513/11/42 1512/86/42 1511/86/42
f 1511/86/42 1510/40/42 1514/40/42
f 1515/87/42 1514/40/42 1510/40/42
f 1514/40/42 1515/87/42 1516/87/42
f 1513/11/42 1511/86/42 1517/11/42
f 1517/11/42 1518/45/42 1513/11/42
f 1518/45/42 1517/11/42 1519/45/42
f 1520/12/42 1518/45/42 1519/45/42
f 1518/45/42 1520/12/42 1521/12/42
f 1522/85/42 1521/12/42 1520/12/42
f 1522/85/42 1520/12/42 1523/85/42
f 1524/84/42 1522/85/42 1523/85/42
f 1522/85/42 1524/84/42 1525/84/42
f 1526/83/42 1525/84/42 1524/84/42
f 1524/84/42 1527/83/42 1526/83/42
f 1528/12/493 1529/7/494 1530/12/494
f 1529/7/494 1528/12/493 1531/7/495
f 1528/12/493 1532/7/496 1531/7/495
f 1533/12/497 1532/7/496 1528/12/493
f 1534/48/498 1535/50/498 1536/49/499
f 1535/50/498 1534/48/498 1537/51/500
f 1538/49/499 1539/50/501 1540/49/498
f 1540/49/498 1539/50/501 1541/50/498
f 1540/49/498 1541/50/498 1542/49/499
f 1542/49/499 1541/50/498 1543/50/502
f 1544/54/33 1545/197/503 1546/78/33
f 1546/78/33 1545/197/503 1547/54/33
f 1548/76/33 1545/197/503 1544/54/33
f 1549/75/33 1545/197/503 1548/76/33
f 1545/197/503 1549/75/33 1550/77/33
f 1545/197/503 1550/77/33 1551/75/33
f 1545/197/503 1551/75/33 1552/76/33
f 1553/51/42 1554/48/42 1555/198/42
f 1555/198/42 1554/48/42 1556/199/42
f 1557/38/504 1558/8/505 1559/40/505
f 1560/11/506 1559/40/505 1558/8/505
f 1561/200/507 1562/201/508 1563/202/509
f 1562/201/508 1564/203/510 1563/202/509
f 1563/202/509 1564/203/510 1565/204/511
f 1566/205/512 1565/204/511 1564/203/510
f 1565/204/511 1566/205/512 1567/206/513
f 1568/203/514 1569/202/515 1570/204/516
f 1569/202/515 1568/203/514 1571/201/517
f 1571/201/517 1572/200/518 1569/202/515
f 1570/204/516 1573/205/519 1568/203/514
f 1573/205/519 1570/204/516 1574/206/520
f 1575/207/521 1576/208/522 1577/209/523
f 1576/208/522 1575/207/521 1578/210/524
f 1579/211/525 1580/207/521 1577/209/523
f 1580/207/521 1579/211/525 1581/212/526
f 1582/207/527 1583/208/528 1584/210/529
f 1583/208/528 1582/207/527 1585/209/530
f 1586/207/527 1587/211/531 1585/209/530
f 1587/211/531 1586/207/527 1588/212/532
f 1589/11/533 1590/213/42 1591/214/534
f 1590/213/42 1589/11/533 1592/215/535
f 1591/214/534 1593/11/78 1589/11/533
f 1594/200/507 1595/201/508 1596/202/509
f 1595/201/508 1597/203/510 1596/202/509
f 1596/202/509 1597/203/510 1598/204/536
f 1599/205/512 1598/204/536 1597/203/510
f 1598/204/536 1599/205/512 1600/206/513
f 1601/207/521 1602/208/522 1603/209/523
f 1602/208/522 1601/207/521 1604/210/524
f 1605/211/525 1606/207/537 1603/209/523
f 1606/207/537 1605/211/525 1607/212/526
f 1608/203/514 1609/202/515 1610/204/516
f 1609/202/515 1608/203/514 1611/201/517
f 1611/201/517 1612/200/538 1609/202/515
f 1610/204/516 1613/205/539 1608/203/514
f 1613/205/539 1610/204/516 1614/206/520
f 1615/207/527 1616/208/528 1617/210/529
f 1616/208/528 1615/207/527 1618/209/530
f 1619/207/527 1620/211/531 1618/209/530
f 1620/211/531 1619/207/527 1621/212/532
f 1622/200/507 1623/201/508 1624/202/509
f 1623/201/508 1625/203/510 1624/202/509
f 1624/202/509 1625/203/510 1626/204/511
f 1627/205/512 1626/204/511 1625/203/510
f 1626/204/511 1627/205/512 1628/206/513
f 1629/203/514 1630/202/515 1631/204/516
f 1630/202/515 1629/203/514 1632/201/517
f 1632/201/517 1633/200/538 1630/202/515
f 1631/204/516 1634/205/519 1629/203/514
f 1634/205/519 1631/204/516 1635/206/520
f 1636/207/521 1637/208/522 1638/209/523
f 1637/208/522 1636/207/521 1639/210/524
f 1640/211/525 1641/207/521 1638/209/523
f 1641/207/521 1640/211/525 1642/212/526
f 1643/207/527 1644/208/528 1645/210/529
f 1644/208/528 1643/207/527 1646/209/530
f 1647/207/527 1648/211/531 1646/209/530
f 1648/211/531 1647/207/527 1649/212/532
f 1650/79/540 1651/79/540 1652/82/541
f 1651/79/540 1653/82/541 1652/82/541
f 1654/78/51 1651/79/540 1650/79/540
f 1655/78/51 1654/78/51 1650/79/540
f 1656/54/542 1654/78/51 1655/78/51
f 1657/54/542 1656/54/542 1655/78/51
f 1658/76/84 1656/54/542 1657/54/542
f 1659/76/84 1658/76/84 1657/54/542
f 1660/75/543 1658/76/84 1659/76/84
f 1661/75/543 1660/75/543 1659/76/84
f 1661/75/543 1662/77/61 1660/75/543
f 1662/77/61 1661/75/543 1663/77/61
f 1663/77/61 1664/80/544 1662/77/61
f 1664/80/544 1663/77/61 1665/80/545
f 1666/81/82 1664/80/544 1665/80/545
f 1667/81/82 1666/81/82 1665/80/545
f 1668/84/540 1669/83/541 1670/84/540
f 1669/83/541 1668/84/540 1671/83/541
f 1670/84/540 1672/85/51 1668/84/540
f 1672/85/51 1670/84/540 1673/85/51
f 1673/85/51 1674/12/542 1672/85/51
f 1674/12/542 1673/85/51 1675/12/542
f 1675/12/542 1676/45/84 1674/12/542
f 1676/45/84 1675/12/542 1677/45/84
f 1677/45/84 1678/11/543 1676/45/84
f 1678/11/543 1677/45/84 1679/11/543
f 1678/11/543 1679/11/543 1680/86/61
f 1679/11/543 1681/86/61 1680/86/61
f 1680/86/61 1681/86/61 1682/40/544
f 1681/86/61 1683/40/544 1682/40/544
f 1683/40/544 1684/87/82 1682/40/544
f 1684/87/82 1683/40/544 1685/87/82
f 1686/79/540 1687/88/195 1688/216/541
f 1686/79/540 1688/216/541 1689/82/541
f 1687/88/195 1690/83/546 1688/216/541
f 1687/88/195 1691/84/547 1690/83/546
f 1692/78/51 1687/88/195 1686/79/540
f 1692/78/51 1693/158/548 1687/88/195
f 1693/158/548 1694/84/549 1687/88/195
f 1693/158/548 1695/85/550 1694/84/549
f 1696/54/542 1693/158/548 1692/78/51
f 1696/54/542 1697/7/189 1693/158/548
f 1697/7/189 1698/85/550 1693/158/548
f 1697/7/189 1699/12/551 1698/85/550
f 1700/76/84 1697/7/189 1696/54/542
f 1700/76/84 1701/44/552 1697/7/189
f 1701/44/552 1702/12/553 1697/7/189
f 1701/44/552 1703/45/554 1702/12/553
f 1704/75/543 1701/44/552 1700/76/84
f 1704/75/543 1705/8/185 1701/44/552
f 1705/8/185 1706/45/554 1701/44/552
f 1705/8/185 1707/11/555 1706/45/554
f 1708/77/61 1705/8/185 1704/75/543
f 1705/8/185 1708/77/61 1709/217/556
f 1710/11/557 1705/8/185 1709/217/556
f 1710/11/557 1709/217/556 1711/86/558
f 1712/80/545 1709/217/556 1708/77/61
f 1709/217/556 1712/80/545 1713/38/192
f 1714/81/82 1713/38/192 1712/80/545
f 1715/86/558 1709/217/556 1713/38/192
f 1715/86/558 1713/38/192 1716/40/559
f 1714/81/82 1717/218/82 1713/38/192
f 1717/218/82 1718/40/560 1713/38/192
f 1717/218/82 1719/87/546 1718/40/560
f 1720/7/51 1721/88/51 1722/12/51
f 1723/84/51 1722/12/51 1721/88/51
f 1724/80/561 1725/81/562 1726/81/563
f 1727/81/82 1725/81/562 1728/80/544
f 1725/81/562 1729/80/564 1728/80/544
f 1725/81/562 1724/80/561 1729/80/564
f 1729/80/564 1730/77/61 1728/80/544
f 1724/80/561 1731/77/565 1729/80/564
f 1730/77/61 1729/80/564 1731/77/565
f 1731/77/565 1724/80/561 1732/77/566
f 1731/77/565 1733/75/543 1730/77/61
f 1734/75/567 1731/77/565 1732/77/566
f 1733/75/543 1731/77/565 1735/75/568
f 1731/77/565 1734/75/567 1735/75/568
f 1733/75/543 1735/75/568 1736/76/84
f 1735/75/568 1734/75/567 1737/76/569
f 1735/75/568 1737/76/569 1736/76/84
f 1738/76/570 1737/76/569 1734/75/567
f 1736/76/84 1737/76/569 1739/54/542
f 1740/54/571 1737/76/569 1738/76/570
f 1737/76/569 1741/54/572 1739/54/542
f 1737/76/569 1740/54/571 1741/54/572
f 1739/54/542 1741/54/572 1742/78/51
f 1741/54/572 1740/54/571 1743/78/573
f 1741/54/572 1743/78/573 1742/78/51
f 1744/78/574 1743/78/573 1740/54/571
f 1742/78/51 1743/78/573 1745/79/540
f 1746/79/575 1743/78/573 1744/78/574
f 1743/78/573 1747/79/576 1745/79/540
f 1743/78/573 1746/79/575 1747/79/576
f 1745/79/540 1747/79/576 1748/82/577
f 1747/79/576 1749/82/578 1748/82/577
f 1747/79/576 1746/79/575 1749/82/578
f 1750/82/563 1749/82/578 1746/79/575
f 1751/54/33 1752/76/33 1753/76/33
f 1754/75/33 1753/76/33 1752/76/33
f 1752/76/33 1751/54/33 1755/54/33
f 1753/76/33 1754/75/33 1756/75/33
f 1757/78/33 1755/54/33 1751/54/33
f 1758/77/33 1756/75/33 1754/75/33
f 1755/54/33 1757/78/33 1759/78/33
f 1756/75/33 1758/77/33 1760/77/33
f 1757/78/33 1761/79/33 1759/78/33
f 1758/77/33 1762/80/33 1760/77/33
f 1757/78/33 1763/79/33 1761/79/33
f 1763/79/33 1764/82/33 1761/79/33
f 1764/82/33 1763/79/33 1765/82/33
f 1762/80/33 1758/77/33 1766/80/33
f 1767/81/33 1762/80/33 1766/80/33
f 1766/80/33 1768/81/33 1767/81/33
f 1769/200/579 1770/201/580 1771/202/581
f 1770/201/580 1772/203/510 1771/202/581
f 1771/202/581 1772/203/510 1773/204/511
f 1774/205/582 1773/204/511 1772/203/510
f 1773/204/511 1774/205/582 1775/206/582
f 1776/207/521 1777/208/522 1778/209/523
f 1777/208/522 1776/207/521 1779/210/524
f 1780/211/583 1781/207/521 1778/209/523
f 1781/207/521 1780/211/583 1782/219/526
f 1783/203/514 1784/202/584 1785/204/585
f 1784/202/584 1783/203/514 1786/201/586
f 1786/201/586 1787/200/587 1784/202/584
f 1785/204/585 1788/205/588 1783/203/514
f 1788/205/588 1785/204/585 1789/206/589
f 1790/207/527 1791/208/528 1792/210/529
f 1791/208/528 1790/207/527 1793/209/530
f 1794/207/527 1795/211/531 1793/209/530
f 1795/211/531 1794/207/527 1796/219/532
f 1797/78/61 1798/78/61 1799/79/543
f 1798/78/61 1800/79/543 1799/79/543
f 1800/79/543 1801/82/590 1799/79/543
f 1801/82/590 1800/79/543 1802/82/84
f 1803/54/544 1798/78/61 1797/78/61
f 1804/54/544 1803/54/544 1797/78/61
f 1804/54/544 1805/76/82 1803/54/544
f 1805/76/82 1804/54/544 1806/76/82
f 1806/76/82 1807/75/540 1805/76/82
f 1807/75/540 1806/76/82 1808/75/540
f 1808/75/540 1809/77/51 1807/75/540
f 1809/77/51 1808/75/540 1810/77/51
f 1810/77/51 1811/80/542 1809/77/51
f 1811/80/542 1810/77/51 1812/80/542
f 1812/80/542 1813/81/591 1811/80/542
f 1813/81/591 1812/80/542 1814/81/592
f 1815/78/51 1816/220/593 1817/221/593
f 1815/78/51 1818/222/593 1816/220/593
f 1819/223/593 1815/78/51 1817/221/593
f 1818/222/593 1815/78/51 1820/224/593
f 1821/225/593 1815/78/51 1819/223/593
f 1822/226/593 1815/78/51 1821/225/593
f 1820/224/593 1815/78/51 1823/227/593
f 1815/78/51 1822/226/593 1824/228/594
f 1815/78/51 1824/228/594 1825/54/595
f 1826/78/596 1827/229/597 1828/85/598
f 1827/229/597 1829/12/599 1828/85/598
f 1826/78/596 1830/227/600 1827/229/597
f 1830/227/600 1826/78/596 1831/224/600
f 1826/78/596 1832/222/600 1831/224/600
f 1832/222/600 1826/78/596 1833/220/600
f 1833/220/600 1826/78/596 1834/221/600
f 1834/221/600 1826/78/596 1835/223/600
f 1835/223/600 1826/78/596 1836/225/600
f 1826/78/596 1837/226/600 1836/225/600
f 1823/227/593 1815/78/51 1838/229/601
f 1838/229/601 1815/78/51 1839/85/51
f 1838/229/601 1839/85/51 1840/12/602
f 1841/76/603 1825/54/595 1842/230/604
f 1841/76/603 1842/230/604 1843/231/605
f 1843/231/605 1844/232/605 1841/76/603
f 1845/233/605 1841/76/603 1844/232/605
f 1846/234/606 1845/233/605 1844/232/605
f 1845/233/605 1846/234/606 1847/235/606
f 1841/76/603 1845/233/605 1848/236/605
f 1849/237/605 1841/76/603 1848/236/605
f 1850/238/606 1849/237/605 1848/236/605
f 1849/237/605 1850/238/606 1851/239/606
f 1852/240/605 1841/76/603 1849/237/605
f 1841/76/603 1852/240/605 1853/241/605
f 1852/240/605 1854/242/606 1853/241/605
f 1853/241/605 1854/242/606 1855/243/606
f 1841/76/603 1853/241/605 1856/244/605
f 1857/245/593 1858/234/606 1859/226/593
f 1858/234/606 1857/245/593 1860/235/606
f 1861/246/593 1862/238/606 1863/223/593
f 1862/238/606 1861/246/593 1864/239/606
f 1865/247/593 1866/242/606 1867/220/593
f 1866/242/606 1865/247/593 1868/243/606
f 1869/224/593 1870/248/606 1871/249/606
f 1870/248/606 1869/224/593 1872/250/593
f 1873/238/607 1874/239/607 1875/246/600
f 1873/238/607 1875/246/600 1876/223/600
f 1877/234/607 1878/235/607 1879/245/600
f 1877/234/607 1879/245/600 1880/226/600
f 1881/242/607 1882/243/607 1883/247/600
f 1881/242/607 1883/247/600 1884/220/600
f 1885/248/607 1886/224/600 1887/249/607
f 1886/224/600 1885/248/607 1888/250/600
f 1856/244/605 1889/249/606 1890/248/606
f 1890/248/606 1891/251/605 1856/244/605
f 1841/76/603 1856/244/605 1891/251/605
f 1841/76/603 1891/251/605 1892/252/605
f 1841/76/603 1892/252/605 1893/45/603
f 1894/253/605 1893/45/603 1892/252/605
f 1893/45/603 1894/253/605 1895/254/605
f 1895/254/605 1894/253/605 1896/12/602
f 1896/12/602 1894/253/605 1897/229/601
f 1837/226/600 1826/78/596 1898/228/608
f 1826/78/596 1899/54/609 1898/228/608
f 1900/197/610 1901/230/611 1899/54/612
f 1901/230/611 1900/197/610 1902/231/610
f 1903/76/613 1902/231/610 1900/197/610
f 1903/76/613 1904/232/610 1902/231/610
f 1904/232/610 1903/76/613 1905/233/610
f 1905/233/610 1906/234/607 1904/232/610
f 1906/234/607 1905/233/610 1907/235/607
f 1905/233/610 1903/76/613 1908/236/610
f 1903/76/613 1909/237/610 1908/236/610
f 1909/237/610 1910/238/607 1908/236/610
f 1910/238/607 1909/237/610 1911/239/607
f 1909/237/610 1903/76/613 1912/240/610
f 1912/240/610 1903/76/613 1913/241/610
f 1913/241/610 1914/242/607 1912/240/610
f 1914/242/607 1913/241/610 1915/243/607
f 1913/241/610 1903/76/613 1916/244/610
f 1916/244/610 1903/76/613 1917/255/613
f 1916/244/610 1918/248/607 1919/249/607
f 1918/248/607 1916/244/610 1920/251/610
f 1917/255/613 1920/251/610 1916/244/610
f 1920/251/610 1917/255/613 1921/252/610
f 1921/252/610 1917/255/613 1922/253/610
f 1923/256/610 1922/253/610 1917/255/613
f 1922/253/610 1923/256/610 1924/229/614
f 1925/257/610 1924/229/614 1923/256/610
f 1925/257/610 1926/12/615 1924/229/614
f 1927/258/610 1926/12/615 1925/257/610
f 1926/12/615 1927/258/610 1928/259/610
f 1928/259/610 1929/45/613 1926/12/615
f 1929/45/613 1928/259/610 1930/260/616
f 1931/261/616 1932/11/185 1929/45/613
f 1932/11/185 1931/261/616 1933/262/186
f 1934/263/196 1932/11/185 1933/262/186
f 1934/263/196 1933/262/186 1935/264/197
f 1934/263/196 1936/265/197 1932/11/185
f 1936/265/197 1934/263/196 1937/266/186
f 1936/265/197 1938/75/185 1932/11/185
f 1936/265/197 1937/266/186 1939/267/196
f 1940/255/617 1939/267/196 1937/266/186
f 1939/267/196 1940/255/617 1941/268/186
f 1940/255/617 1942/269/197 1941/268/186
f 1943/270/197 1944/271/197 1942/269/197
f 1943/270/186 1940/255/613 1945/76/613
f 1946/272/618 1938/75/185 1936/265/197
f 1946/272/186 1947/273/186 1948/274/186
f 1949/275/619 1938/75/185 1948/274/619
f 1950/276/186 1951/277/186 1949/275/186
f 1952/278/197 1938/75/185 1951/277/197
f 1952/278/186 1953/279/186 1954/280/186
f 1955/281/620 1938/75/185 1954/280/620
f 1955/281/186 1956/282/186 1957/283/186
f 1938/75/185 1957/283/620 1958/284/186
f 1938/75/185 1958/284/186 1959/285/621
f 1960/230/604 1961/54/595 1962/286/622
f 1963/48/82 1964/287/82 1965/199/82
f 1964/287/82 1963/48/82 1966/11/82
f 1966/11/82 1963/48/82 1967/12/82
f 1966/11/82 1967/12/82 1968/45/82
f 1969/268/191 1893/45/623 1970/267/199
f 1969/268/191 1971/76/623 1893/45/623
f 1972/11/192 1970/267/199 1893/45/623
f 1970/267/199 1972/11/192 1973/265/191
f 1974/269/199 1971/76/623 1969/268/191
f 1975/271/624 1976/270/624 1974/269/199
f 1976/270/624 1971/76/623 1974/269/199
f 1977/75/192 1973/265/191 1972/11/192
f 1977/75/192 1978/272/625 1973/265/191
f 1979/273/191 1978/272/191 1980/274/191
f 1977/75/192 1981/275/199 1980/274/199
f 1982/276/191 1981/275/191 1983/277/191
f 1977/75/192 1984/278/199 1983/277/199
f 1985/279/191 1984/278/191 1986/280/191
f 1977/75/192 1987/281/626 1986/280/626
f 1988/282/191 1987/281/191 1989/283/191
f 1989/283/199 1977/75/192 1990/284/191
f 1977/75/192 1991/285/624 1990/284/191
f 1992/271/624 1993/273/191 1994/270/199
f 1993/273/191 1992/271/624 1995/272/624
f 1996/281/199 1997/282/199 1998/288/624
f 1999/289/199 1998/288/624 1997/282/199
f 2000/275/191 2001/276/199 2002/290/199
f 2003/291/191 2002/290/199 2001/276/199
f 2004/278/191 2005/279/199 2006/292/199
f 2007/293/199 2006/292/199 2005/279/199
f 2008/76/623 2009/293/199 2010/294/199
f 2011/295/191 2008/76/627 2012/291/191
f 2013/296/199 2008/76/623 2014/270/199
f 2015/288/624 2016/289/199 2017/294/191
f 1971/76/623 2017/294/191 2016/289/199
f 1971/76/623 2016/289/199 2018/297/191
f 1971/76/623 2019/295/199 2020/293/199
f 2021/292/624 2020/293/199 2019/295/199
f 2022/291/199 1971/76/623 2023/296/199
f 2024/290/624 2022/291/199 2023/296/199
f 2025/75/192 2026/274/199 2027/272/199
f 2028/281/628 2025/75/192 2029/283/628
f 2025/75/192 2030/280/628 2031/278/628
f 2025/75/192 2032/277/628 2033/275/628
f 2034/286/629 2035/54/612 2036/230/611
f 2037/44/630 2038/45/630 2039/7/33
f 2039/7/33 2038/45/630 2040/12/33
f 2037/44/630 2041/11/631 2038/45/630
f 2042/8/632 2041/11/631 2037/44/630
f 2042/8/632 2043/298/633 2041/11/631
f 2042/8/632 2044/299/634 2043/298/633
f 2045/38/635 2043/298/633 2044/299/634
f 2043/298/633 2045/38/635 2046/40/636
f 2047/54/84 2048/8/84 2049/7/84
f 2049/7/84 2048/8/84 2050/44/84
f 2048/8/84 2047/54/84 2051/300/84
f 2051/300/84 2047/54/84 2052/301/84
f 2053/271/197 2054/273/197 2055/272/621
f 2054/273/197 2053/271/197 2056/270/186
f 2057/282/196 2058/281/186 2059/288/197
f 2059/288/197 2060/289/186 2057/282/196
f 2061/276/197 2062/275/196 2063/290/186
f 2063/290/186 2064/291/637 2061/276/197
f 2065/279/197 2066/278/197 2067/292/186
f 2067/292/186 2068/293/186 2065/279/197
f 2069/294/186 1945/76/613 2070/289/197
f 2070/289/197 2071/288/621 2069/294/186
f 1945/76/613 2072/297/186 2070/289/197
f 1945/76/638 2073/291/197 2074/296/197
f 2073/291/197 2075/290/621 2074/296/197
f 2076/295/197 1945/76/613 2077/293/197
f 2077/293/197 2078/292/621 2076/295/197
f 2079/293/197 2080/76/613 2081/294/197
f 2080/76/613 2082/295/186 2083/291/186
f 2080/76/613 2084/296/186 2085/270/186
f 2086/269/186 2087/255/613 2085/270/186
f 2088/274/639 2089/75/185 2090/272/639
f 2089/75/185 2091/281/620 2092/283/620
f 2093/280/619 2089/75/185 2094/278/619
f 2095/277/640 2089/75/185 2096/275/640
f 2097/7/82 2098/88/82 2099/88/82
f 2100/7/82 2098/88/82 2097/7/82
f 2101/7/82 2098/88/82 2100/7/82
f 2098/88/82 2101/7/82 2102/88/82
f 2103/81/641 2104/82/82 2105/82/82
f 2104/82/82 2103/81/641 2106/76/642
f 2103/81/641 2107/81/643 2106/76/642
f 2106/76/642 2107/81/643 2108/76/644
f 2109/82/82 2104/82/82 2106/76/642
f 2104/82/82 2109/82/82 2110/82/82
f 2111/82/82 2110/82/82 2109/82/82
f 2110/82/82 2111/82/82 2112/82/82
f 2113/82/645 2112/82/82 2111/82/82
f 2114/82/82 2113/82/645 2111/82/82
f 2113/82/645 2114/82/82 2115/82/82
f 2112/82/82 2113/82/645 2116/82/82
f 2117/82/82 2116/82/82 2113/82/645
f 2116/82/82 2117/82/82 2118/82/82
f 2119/12/84 2120/84/84 2121/12/84
f 2120/84/84 2119/12/84 2122/84/84
f 2121/12/84 2120/84/84 2123/12/84
f 2124/84/84 2123/12/84 2120/84/84
f 2125/75/82 2126/7/82 2127/8/82
f 2126/7/82 2125/75/82 2128/54/82
f 2129/75/82 2130/8/82 2131/75/82
f 2132/8/82 2131/75/82 2130/8/82
f 2133/75/82 2134/8/82 2135/75/82
f 2134/8/82 2133/75/82 2136/8/82
f 2137/302/84 2138/67/646 2139/187/647
f 2137/302/84 2139/187/647 2140/302/84
f 2141/67/648 2139/187/647 2138/67/646
f 2142/187/649 2139/187/647 2141/67/648
f 2138/67/646 2137/302/84 2143/302/84
f 2143/302/84 2137/302/84 2144/302/84
f 2144/302/84 2145/302/84 2143/302/84
f 2144/302/84 2146/302/84 2145/302/84
f 2147/302/650 2145/302/84 2146/302/84
f 2145/302/84 2147/302/650 2148/302/84
f 2147/302/650 2149/302/84 2148/302/84
f 2150/302/84 2147/302/650 2146/302/84
f 2147/302/650 2150/302/84 2151/302/84
f 2151/302/84 2150/302/84 2152/302/84
f 2153/49/84 2154/12/84 2155/48/84
f 2154/12/84 2153/49/84 2156/11/84
f 2157/49/84 2158/11/84 2159/49/84
f 2158/11/84 2157/49/84 2160/11/84
f 2161/49/84 2162/11/84 2163/49/84
f 2164/11/84 2163/49/84 2162/11/84
f 2165/77/61 1972/11/192 2166/86/61
f 1972/11/192 2165/77/61 2167/75/192
f 2168/76/623 2169/285/624 2167/75/192
f 2168/76/623 2170/303/191 2169/285/624
f 2171/75/651 2172/285/186 2173/76/617
f 2172/285/186 2174/303/186 2173/76/617
f 2175/11/185 2171/75/185 2176/77/256
f 2175/11/185 2176/77/256 2177/86/256
f 2178/79/652 2179/84/540 2180/83/577
f 2178/79/652 2180/83/577 2181/82/577
f 2182/78/51 2179/84/540 2178/79/652
f 2182/78/51 2183/85/51 2179/84/540
f 2184/54/542 2183/85/51 2182/78/51
f 2184/54/542 2185/12/653 2183/85/51
f 2186/76/84 2185/12/653 2184/54/542
f 2186/76/84 2187/45/84 2185/12/653
f 2188/75/543 2187/45/84 2186/76/84
f 2188/75/543 2189/11/543 2187/45/84
f 2190/77/61 2189/11/543 2188/75/543
f 2189/11/543 2190/77/61 2191/86/61
f 2192/80/544 2191/86/61 2190/77/61
f 2191/86/61 2192/80/544 2193/40/544
f 2194/81/82 2193/40/544 2192/80/544
f 2194/81/82 2195/87/82 2193/40/544
f 2196/304/654 2197/304/655 2198/305/656
f 2199/305/657 2198/305/656 2197/304/655
f 2200/306/522 2201/307/658 2202/306/659
f 2201/307/658 2200/306/522 2203/307/660
f 2204/306/522 2205/307/658 2206/306/659
f 2205/307/658 2204/306/522 2207/307/660
f 2208/306/522 2209/307/658 2210/306/659
f 2209/307/658 2208/306/522 2211/307/660
f 2212/306/522 2213/307/658 2214/306/659
f 2213/307/658 2212/306/522 2215/307/660
f 2216/306/522 2217/307/658 2218/306/659
f 2217/307/658 2216/306/522 2219/307/660
f 2220/308/587 2221/309/661 2222/308/662
f 2221/309/661 2220/308/587 2223/309/663
f 2224/306/664 2225/310/665 2226/307/666
f 2225/310/665 2224/306/664 2227/311/667
f 2226/307/666 2228/306/668 2224/306/664
f 2228/306/668 2226/307/666 2229/307/669
f 2230/12/84 2231/312/84 2232/313/84
f 2230/12/84 2232/313/84 2233/11/84
f 2234/314/84 2232/313/84 2231/312/84
f 2232/313/84 2234/314/84 2235/315/84
f 2236/316/84 2237/315/84 2234/314/84
f 2236/316/84 2238/49/84 2237/315/84
f 2238/49/84 2236/316/84 2239/317/84
f 2240/308/670 2241/309/671 2242/309/508
f 2241/309/671 2240/308/670 2243/308/672
f 2244/308/670 2245/309/671 2246/309/508
f 2245/309/671 2244/308/670 2247/308/672
f 2248/309/671 2249/309/508 2250/308/670
f 2248/309/671 2250/308/670 2251/308/672
f 2252/308/670 2253/309/673 2254/309/508
f 2253/309/673 2252/308/670 2255/308/674
f 2256/308/670 2257/309/671 2258/309/508
f 2257/309/671 2256/308/670 2259/308/672
f 2260/12/675 2261/12/242 2262/318/676
f 2263/318/677 2262/318/676 2261/12/242
f 2264/306/678 2265/310/679 2266/311/680
f 2265/310/679 2264/306/678 2267/307/658
f 2268/306/664 2269/310/665 2270/307/666
f 2269/310/665 2268/306/664 2271/311/667
f 2270/307/666 2272/306/668 2268/306/664
f 2270/307/666 2273/307/669 2272/306/668
f 2274/319/681 2275/77/682 2276/320/683
f 2276/320/683 2277/321/684 2274/319/681
f 2277/321/684 2276/320/683 2278/322/683
f 2275/77/682 2279/323/681 2276/320/683
f 2280/324/681 2275/77/682 2274/319/681
f 2281/325/683 2279/323/681 2275/77/682
f 2279/323/681 2281/325/683 2282/326/685
f 2282/326/685 2281/325/683 2283/327/685
f 2275/77/682 2284/328/681 2281/325/683
f 2285/75/683 2284/328/681 2275/77/682
f 2284/328/681 2285/75/683 2286/329/686
f 2275/77/682 2280/324/681 2287/86/687
f 2288/330/688 2280/324/681 2289/331/683
f 2280/324/681 2288/330/688 2290/332/688
f 2287/86/687 2280/324/681 2290/332/688
f 2290/332/688 2291/333/688 2287/86/687
f 2292/334/689 2291/333/688 2293/335/688
f 2291/333/688 2292/334/689 2294/336/688
f 2287/86/687 2291/333/688 2294/336/688
f 2294/336/688 2295/337/681 2287/86/687
f 2295/337/681 2296/11/688 2287/86/687
f 2296/11/688 2295/337/681 2297/338/685
f 2298/333/690 2299/86/682 2300/336/691
f 2298/333/690 2300/336/691 2301/334/692
f 2301/334/692 2302/335/690 2298/333/690
f 2299/86/682 2303/337/693 2300/336/691
f 2304/332/693 2299/86/682 2298/333/690
f 2305/11/692 2303/337/693 2299/86/682
f 2303/337/693 2305/11/692 2306/338/694
f 2299/86/682 2304/332/693 2307/324/695
f 2308/330/694 2307/324/695 2304/332/693
f 2307/324/695 2308/330/694 2309/331/696
f 2307/324/695 2310/77/51 2299/86/682
f 2311/319/693 2310/77/51 2307/324/695
f 2310/77/51 2311/319/693 2312/320/690
f 2313/321/694 2312/320/690 2311/319/693
f 2312/320/690 2313/321/694 2314/322/696
f 2310/77/51 2312/320/690 2315/323/693
f 2310/77/51 2315/323/693 2316/325/690
f 2317/326/694 2316/325/690 2315/323/693
f 2316/325/690 2317/326/694 2318/327/690
f 2310/77/51 2316/325/690 2319/328/697
f 2319/328/697 2320/75/690 2310/77/51
f 2320/75/690 2319/328/697 2321/329/695
f 2322/309/698 2323/339/699 2324/340/700
f 2322/309/698 2325/308/701 2323/339/699
f 2323/339/699 2326/341/702 2324/340/700
f 2326/341/702 2327/342/703 2324/340/700
f 2327/342/703 2326/341/702 2328/343/704
f 2329/308/705 2330/309/706 2331/339/707
f 2331/339/707 2330/309/706 2332/340/708
f 2332/340/708 2333/341/709 2331/339/707
f 2334/342/710 2333/341/709 2332/340/708
f 2333/341/709 2334/342/710 2335/343/711
f 2336/344/703 2337/345/712 2338/344/713
f 2337/345/712 2336/344/703 2339/345/714
f 2340/344/703 2341/345/712 2342/344/713
f 2341/345/712 2340/344/703 2343/345/714
f 2344/344/703 2345/345/715 2346/344/716
f 2345/345/715 2344/344/703 2347/345/714
f 2348/344/703 2349/345/712 2350/344/713
f 2349/345/712 2348/344/703 2351/345/714
f 2352/344/715 2353/345/712 2354/344/713
f 2353/345/712 2352/344/715 2355/345/715
f 2356/346/717 2357/346/718 2358/347/719
f 2356/346/717 2358/347/719 2359/347/720
f 2360/346/717 2361/346/718 2362/347/719
f 2360/346/717 2362/347/719 2363/347/720
f 2364/346/718 2365/347/531 2366/346/717
f 2365/347/531 2364/346/718 2367/347/719
f 2368/346/717 2369/346/718 2370/347/721
f 2368/346/717 2370/347/721 2371/347/531
f 2372/346/717 2373/346/718 2374/347/719
f 2372/346/717 2374/347/719 2375/347/720
f 2376/75/42 2377/77/42 2378/77/42
f 2377/77/42 2379/80/42 2378/77/42
f 2377/77/42 2376/75/42 2380/75/42
f 2377/77/42 2381/80/42 2379/80/42
f 2382/81/42 2379/80/42 2381/80/42
f 2379/80/42 2382/81/42 2383/81/42
f 2384/76/42 2380/75/42 2376/75/42
f 2384/76/42 2376/75/42 2385/76/42
f 2386/54/42 2384/76/42 2385/76/42
f 2386/54/42 2385/76/42 2387/54/42
f 2388/78/42 2386/54/42 2387/54/42
f 2387/54/42 2389/78/42 2388/78/42
f 2390/79/42 2388/78/42 2389/78/42
f 2388/78/42 2390/79/42 2391/79/42
f 2392/82/42 2391/79/42 2390/79/42
f 2391/79/42 2392/82/42 2393/82/42
f 2394/347/722 2395/346/723 2396/347/724
f 2395/346/723 2394/347/722 2397/346/725
f 2398/347/722 2399/346/723 2400/347/724
f 2399/346/723 2398/347/722 2401/346/725
f 2402/347/726 2403/346/725 2404/346/723
f 2403/346/725 2402/347/726 2405/347/722
f 2406/347/727 2407/346/723 2408/347/726
f 2407/346/723 2406/347/727 2409/346/725
f 2410/347/722 2411/346/723 2412/347/724
f 2411/346/723 2410/347/722 2413/346/725
f 2414/345/728 2415/345/729 2416/344/730
f 2414/345/728 2416/344/730 2417/344/731
f 2418/345/728 2419/345/729 2420/344/730
f 2418/345/728 2420/344/730 2421/344/731
f 2422/344/730 2423/345/732 2424/345/729
f 2423/345/732 2422/344/730 2425/344/733
f 2426/345/728 2427/345/729 2428/344/730
f 2426/345/728 2428/344/730 2429/344/731
f 2430/345/728 2431/345/732 2432/344/732
f 2430/345/728 2432/344/732 2433/344/731
f 2434/348/734 2435/310/665 2436/311/735
f 2435/310/665 2434/348/734 2437/349/736
f 2438/350/193 2439/351/193 2440/352/194
f 2441/330/737 2439/351/193 2438/350/193
f 2439/351/193 2441/330/737 2442/331/737
f 2440/352/194 2439/351/193 2443/353/193
f 2444/45/738 2440/352/194 2443/353/193
f 2444/45/738 2445/354/194 2440/352/194
f 2443/353/193 2446/76/739 2444/45/738
f 2447/355/194 2446/76/739 2443/353/193
f 2445/354/194 2444/45/738 2448/356/194
f 2448/356/194 2444/45/738 2449/357/194
f 2450/358/194 2445/354/194 2448/356/194
f 2444/45/738 2451/359/193 2449/357/194
f 2452/11/193 2451/359/193 2444/45/738
f 2451/359/193 2452/11/193 2453/338/193
f 2445/354/194 2450/358/194 2454/360/194
f 2455/334/193 2454/360/194 2450/358/194
f 2454/360/194 2455/334/193 2456/335/737
f 2457/361/193 2447/355/194 2458/362/194
f 2459/321/737 2457/361/193 2458/362/194
f 2457/361/193 2459/321/737 2460/322/737
f 2447/355/194 2457/361/193 2461/363/740
f 2461/363/740 2446/76/739 2447/355/194
f 2462/364/193 2446/76/739 2461/363/740
f 2446/76/739 2462/364/193 2463/365/740
f 2446/76/739 2463/365/740 2464/366/193
f 2462/364/193 2465/367/193 2463/365/740
f 2466/368/194 2446/76/739 2464/366/193
f 2446/76/739 2466/368/194 2467/75/193
f 2468/329/737 2467/75/193 2466/368/194
f 2465/367/193 2462/364/193 2469/369/193
f 2469/369/193 2470/326/193 2465/367/193
f 2465/367/193 2470/326/193 2471/327/740
f 2472/348/722 2473/310/679 2474/349/741
f 2473/310/679 2472/348/722 2475/311/742
f 2476/370/61 2477/370/743 2478/371/80
f 2476/370/61 2478/371/80 2479/371/61
f 2480/372/744 2481/372/61 2482/40/61
f 2480/372/744 2482/40/61 2483/40/223
f 2484/373/61 2485/373/61 2486/374/61
f 2484/373/61 2486/374/61 2487/374/61
f 2488/75/187 2489/368/188 2490/76/745
f 2489/368/188 2488/75/187 2491/329/198
f 2489/368/188 2492/366/198 2490/76/745
f 2490/76/745 2492/366/198 2493/365/187
f 2494/364/746 2490/76/745 2493/365/187
f 2495/367/187 2494/364/746 2493/365/187
f 2494/364/746 2495/367/187 2496/369/187
f 2496/369/187 2495/367/187 2497/326/187
f 2497/326/187 2495/367/187 2498/327/187
f 2490/76/745 2494/364/746 2499/363/187
f 2490/76/745 2499/363/187 2500/355/746
f 2501/361/198 2500/355/746 2499/363/187
f 2490/76/745 2500/355/746 2502/353/187
f 2500/355/746 2501/361/198 2503/362/198
f 2503/362/198 2501/361/198 2504/321/746
f 2504/321/746 2501/361/198 2505/322/187
f 2502/353/187 2506/45/747 2490/76/745
f 2507/352/187 2506/45/747 2502/353/187
f 2502/353/187 2508/351/198 2507/352/187
f 2507/352/187 2508/351/198 2509/350/198
f 2508/351/198 2510/330/198 2509/350/198
f 2510/330/198 2508/351/198 2511/331/187
f 2512/354/198 2506/45/747 2507/352/187
f 2506/45/747 2512/354/198 2513/356/187
f 2512/354/198 2514/358/187 2513/356/187
f 2506/45/747 2513/356/187 2515/357/187
f 2514/358/187 2512/354/198 2516/360/187
f 2516/360/187 2517/334/198 2514/358/187
f 2517/334/198 2516/360/187 2518/335/187
f 2519/359/187 2506/45/747 2515/357/187
f 2506/45/747 2519/359/187 2520/11/746
f 2521/338/198 2520/11/746 2519/359/187
f 2522/200/748 2523/201/749 2524/375/581
f 2523/201/749 2525/203/750 2524/375/581
f 2524/375/581 2525/203/750 2526/204/511
f 2526/204/511 2525/203/750 2527/205/512
f 2527/205/512 2528/206/513 2526/204/511
f 2529/203/751 2530/375/752 2531/204/585
f 2530/375/752 2529/203/751 2532/201/753
f 2532/201/753 2533/200/754 2530/375/752
f 2534/205/519 2529/203/751 2531/204/585
f 2535/206/520 2534/205/519 2531/204/585
f 2536/207/521 2537/208/522 2538/209/523
f 2537/208/522 2536/207/521 2539/210/524
f 2540/211/583 2541/207/521 2538/209/523
f 2541/207/521 2540/211/583 2542/212/526
f 2543/207/527 2544/208/528 2545/210/529
f 2544/208/528 2543/207/527 2546/209/530
f 2547/207/527 2548/211/720 2546/209/530
f 2548/211/720 2547/207/527 2549/212/532
f 2550/308/755 2551/309/756 2552/376/757
f 2553/308/587 2551/309/756 2550/308/755
f 2551/309/756 2553/308/587 2554/309/758
f 2552/376/757 2551/309/756 2555/340/759
f 2555/340/759 2556/341/760 2552/376/757
f 2557/342/710 2556/341/760 2555/340/759
f 2556/341/760 2557/342/710 2558/343/711
f 2559/306/664 2560/310/665 2561/307/666
f 2560/310/665 2559/306/664 2562/311/667
f 2561/307/666 2563/306/668 2559/306/664
f 2563/306/668 2561/307/666 2564/307/669
f 2565/377/761 2566/378/761 2567/76/762
f 2568/379/763 2565/377/761 2567/76/762
f 2568/379/763 2569/54/764 2570/380/765
f 2569/54/764 2568/379/763 2567/76/762
f 2571/381/761 2567/76/762 2566/378/761
f 2572/382/766 2571/381/761 2566/378/761
f 2571/381/761 2572/382/766 2573/383/766
f 2573/383/766 2572/382/766 2574/384/767
f 2574/384/767 2572/382/766 2575/385/767
f 2576/386/761 2567/76/762 2571/381/761
f 2567/76/762 2576/386/761 2577/387/761
f 2578/388/766 2577/387/761 2576/386/761
f 2567/76/762 2577/387/761 2579/389/761
f 2577/387/761 2578/388/766 2580/390/766
f 2580/390/766 2578/388/766 2581/391/767
f 2581/391/767 2578/388/766 2582/392/767
f 2579/389/761 2583/45/768 2567/76/762
f 2584/393/761 2583/45/768 2579/389/761
f 2579/389/761 2585/394/766 2584/393/761
f 2584/393/761 2585/394/766 2586/395/766
f 2585/394/766 2587/396/767 2586/395/766
f 2587/396/767 2585/394/766 2588/397/767
f 2589/398/766 2583/45/768 2584/393/761
f 2583/45/768 2589/398/766 2590/399/761
f 2583/45/768 2590/399/761 2591/400/761
f 2589/398/766 2592/401/766 2590/399/761
f 2593/402/763 2583/45/768 2591/400/761
f 2583/45/768 2593/402/763 2594/12/769
f 2595/403/770 2594/12/769 2593/402/763
f 2592/401/766 2589/398/766 2596/404/766
f 2596/404/766 2597/405/767 2592/401/766
f 2592/401/766 2597/405/767 2598/406/767
f 2599/395/771 2600/394/771 2601/393/772
f 2602/396/773 2600/394/771 2599/395/771
f 2600/394/771 2602/396/773 2603/397/773
f 2601/393/772 2600/394/771 2604/389/772
f 2605/45/774 2601/393/772 2604/389/772
f 2605/45/774 2606/398/772 2601/393/772
f 2604/389/772 2607/76/775 2605/45/774
f 2608/387/772 2607/76/775 2604/389/772
f 2606/398/772 2605/45/774 2609/399/772
f 2609/399/772 2605/45/774 2610/400/772
f 2611/401/771 2606/398/772 2609/399/772
f 2612/402/771 2610/400/772 2605/45/774
f 2613/12/776 2612/402/771 2605/45/774
f 2612/402/771 2613/12/776 2614/403/777
f 2606/398/772 2611/401/771 2615/404/771
f 2615/404/771 2611/401/771 2616/405/773
f 2616/405/773 2611/401/771 2617/406/773
f 2618/388/771 2608/387/772 2619/390/771
f 2620/391/773 2618/388/771 2619/390/771
f 2618/388/771 2620/391/773 2621/392/773
f 2608/387/772 2618/388/771 2622/386/772
f 2622/386/772 2607/76/775 2608/387/772
f 2623/381/772 2607/76/775 2622/386/772
f 2607/76/775 2623/381/772 2624/378/772
f 2607/76/775 2624/378/772 2625/377/772
f 2623/381/772 2626/382/771 2624/378/772
f 2627/379/778 2607/76/775 2625/377/772
f 2607/76/775 2627/379/778 2628/54/779
f 2629/380/780 2628/54/779 2627/379/778
f 2626/382/771 2623/381/772 2630/383/771
f 2630/383/771 2631/384/773 2626/382/771
f 2626/382/771 2631/384/773 2632/385/773
f 2633/407/781 2634/78/61 2635/85/782
f 2633/407/781 2635/85/782 2636/396/781
f 2636/396/781 2635/85/782 2637/408/781
f 2637/408/781 2635/85/782 2638/406/781
f 2638/406/781 2635/85/782 2639/409/783
f 2635/85/782 2640/12/784 2639/409/783
f 2634/78/61 2633/407/781 2641/391/781
f 2634/78/61 2641/391/781 2642/410/781
f 2634/78/61 2642/410/781 2643/384/781
f 2634/78/61 2643/384/781 2644/411/781
f 2634/78/61 2644/411/781 2645/380/785
f 2646/54/786 2634/78/61 2645/380/785
f 2647/407/787 2648/85/788 2649/78/789
f 2650/396/787 2648/85/788 2647/407/787
f 2648/85/788 2650/396/787 2651/408/787
f 2652/406/787 2648/85/788 2651/408/787
f 2648/85/788 2652/406/787 2653/409/790
f 2648/85/788 2653/409/790 2654/12/791
f 2649/78/789 2655/391/787 2647/407/787
f 2655/391/787 2649/78/789 2656/410/787
f 2656/410/787 2649/78/789 2657/384/787
f 2657/384/787 2649/78/789 2658/411/787
f 2658/411/787 2649/78/789 2659/380/792
f 2659/380/792 2649/78/789 2660/54/779
f 2661/306/793 2662/310/665 2663/307/794
f 2662/310/665 2661/306/793 2664/311/667
f 2663/307/794 2665/306/668 2661/306/793
f 2665/306/668 2663/307/794 2666/307/669
f 2667/308/755 2668/309/795 2669/339/796
f 2670/308/587 2668/309/795 2667/308/755
f 2668/309/795 2670/308/587 2671/309/758
f 2669/339/796 2668/309/795 2672/340/797
f 2672/340/797 2673/341/798 2669/339/796
f 2674/308/799 2675/309/756 2676/339/757
f 2677/308/587 2675/309/756 2674/308/799
f 2675/309/756 2677/308/587 2678/309/758
f 2676/339/757 2675/309/756 2679/340/759
f 2679/340/759 2680/341/760 2676/339/757
f 2681/342/800 2680/341/760 2679/340/759
f 2680/341/760 2681/342/800 2682/343/711
f 2683/306/664 2684/310/665 2685/307/666
f 2684/310/665 2683/306/664 2686/311/667
f 2685/307/666 2687/306/668 2683/306/664
f 2685/307/666 2688/307/669 2687/306/668
f 2689/86/33 2690/85/33 2691/45/33
f 2691/45/33 2690/85/33 2692/12/33
f 2689/86/33 2691/45/33 2693/11/33
f 2689/86/33 2694/45/33 2690/85/33
f 2690/85/33 2694/45/33 2695/12/33
f 2694/45/33 2689/86/33 2696/11/33
f 2697/306/678 2698/310/679 2699/311/680
f 2698/310/679 2697/306/678 2700/307/658
f 2701/308/801 2702/309/802 2703/339/803
f 2704/308/587 2702/309/802 2701/308/801
f 2702/309/802 2704/308/587 2705/309/758
f 2703/339/803 2702/309/802 2706/340/759
f 2706/340/759 2707/341/760 2703/339/803
f 2708/342/800 2707/341/760 2706/340/759
f 2707/341/760 2708/342/800 2709/343/711
f 2710/412/804 2711/310/665 2712/311/805
f 2711/310/665 2710/412/804 2713/349/736
f 2714/412/727 2715/310/679 2716/349/806
f 2715/310/679 2714/412/727 2717/311/742
f 2718/309/807 2719/376/808 2720/340/809
f 2718/309/807 2721/308/810 2719/376/808
f 2719/376/808 2722/341/811 2720/340/809
f 2722/341/811 2723/342/703 2720/340/809
f 2723/342/703 2722/341/811 2724/343/704
f 2725/85/61 2726/84/543 2727/85/61
f 2726/84/543 2725/85/61 2728/84/543
f 2729/83/590 2726/84/543 2728/84/543
f 2730/83/84 2729/83/590 2728/84/543
f 2727/85/61 2731/12/544 2725/85/61
f 2731/12/544 2727/85/61 2732/12/544
f 2731/12/544 2732/12/544 2733/45/82
f 2732/12/544 2734/45/82 2733/45/82
f 2733/45/82 2734/45/82 2735/11/540
f 2734/45/82 2736/11/540 2735/11/540
f 2735/11/540 2736/11/540 2737/86/51
f 2736/11/540 2738/86/51 2737/86/51
f 2737/86/51 2738/86/51 2739/40/542
f 2738/86/51 2740/40/542 2739/40/542
f 2739/40/542 2740/40/542 2741/87/591
f 2740/40/542 2742/87/592 2741/87/591
f 2743/413/812 2744/305/813 2745/304/814
f 2743/413/812 2745/304/814 2746/414/814
f 2747/302/815 2748/82/816 2749/67/817
f 2749/67/817 2748/82/816 2750/76/818
f 2751/302/819 2748/82/816 2747/302/815
f 2748/82/816 2751/302/819 2752/82/819
f 2753/302/820 2752/82/819 2751/302/819
f 2752/82/819 2753/302/820 2754/82/821
f 2749/67/822 2755/76/822 2756/76/33
f 2757/67/33 2749/67/822 2756/76/33
f 2758/306/678 2759/310/679 2760/311/680
f 2759/310/679 2758/306/678 2761/307/823
f 2762/415/727 2763/310/679 2764/349/806
f 2763/310/679 2762/415/727 2765/311/742
f 2766/415/804 2767/310/665 2768/311/805
f 2767/310/665 2766/415/804 2769/349/736
f 2770/309/807 2771/339/824 2772/340/809
f 2770/309/807 2773/308/810 2771/339/824
f 2771/339/824 2774/341/811 2772/340/809
f 2774/341/811 2775/342/703 2772/340/809
f 2775/342/703 2774/341/811 2776/343/704
f 2777/302/825 2778/82/826 2779/302/827
f 2778/82/826 2777/302/825 2780/82/828
f 2781/302/829 2780/82/828 2777/302/825
f 2780/82/828 2781/302/829 2782/82/830
f 2783/302/831 2782/82/830 2781/302/829
f 2782/82/830 2783/302/831 2784/82/832
f 2785/302/833 2784/82/832 2783/302/831
f 2784/82/832 2785/302/833 2786/82/834
f 2787/302/835 2786/82/834 2785/302/833
f 2786/82/834 2787/302/835 2788/82/835
f 2789/302/836 2788/82/835 2787/302/835
f 2788/82/835 2789/302/836 2790/82/837
f 2791/302/838 2790/82/837 2789/302/836
f 2790/82/837 2791/302/838 2792/82/839
f 2793/302/51 2792/82/839 2791/302/838
f 2792/82/839 2793/302/51 2794/82/51
f 2795/306/678 2796/310/679 2797/311/680
f 2796/310/679 2795/306/678 2798/307/658
f 2799/348/727 2800/310/679 2801/349/806
f 2800/310/679 2799/348/727 2802/311/742
f 2803/348/804 2804/310/665 2805/311/805
f 2804/310/665 2803/348/804 2806/349/736
f 2807/309/807 2808/339/840 2809/340/809
f 2807/309/807 2810/308/672 2808/339/840
f 2808/339/840 2811/341/811 2809/340/809
f 2811/341/811 2812/342/703 2809/340/809
f 2812/342/703 2811/341/811 2813/343/704
f 2814/309/841 2815/339/842 2816/340/843
f 2815/339/842 2817/341/844 2816/340/843
f 2814/309/841 2818/308/845 2815/339/842
f 2819/306/678 2820/310/679 2821/311/680
f 2820/310/679 2819/306/678 2822/307/846
f 2823/341/847 2824/416/848 2825/340/849
f 2824/416/848 2823/341/847 2826/343/848
f 2827/348/850 2828/310/679 2829/349/851
f 2828/310/679 2827/348/850 2830/311/680
f 2831/341/709 2832/416/852 2833/343/852
f 2832/416/852 2831/341/709 2834/340/853
f 2835/348/804 2836/310/665 2837/311/667
f 2836/310/665 2835/348/804 2838/349/854
f 2839/417/855 2840/317/856 2841/418/857
f 2841/418/857 2840/317/856 2842/316/858
f 2843/11/859 2844/8/860 2845/11/860
f 2845/11/860 2844/8/860 2846/8/861
f 2847/8/859 2848/7/859 2849/11/862
f 2850/12/860 2849/11/862 2848/7/859
f 2851/11/863 2852/8/864 2853/11/864
f 2853/11/864 2852/8/864 2854/8/863
f 2855/45/865 2856/12/866 2857/45/554
f 2858/11/867 2855/45/865 2857/45/554
f 2856/12/866 2855/45/865 2859/12/868
f 2855/45/865 2858/11/867 2860/11/869
f 2861/85/870 2856/12/866 2859/12/868
f 2860/11/869 2858/11/867 2862/86/871
f 2856/12/866 2861/85/870 2863/85/550
f 2864/86/558 2862/86/871 2858/11/867
f 2861/85/870 2865/84/872 2863/85/550
f 2866/40/873 2862/86/871 2864/86/558
f 2865/84/872 2861/85/870 2867/84/874
f 2868/83/875 2865/84/872 2867/84/874
f 2865/84/872 2868/83/875 2869/83/876
f 2862/86/871 2866/40/873 2870/40/877
f 2866/40/873 2871/87/878 2870/40/877
f 2871/87/878 2866/40/873 2872/87/546
f 2873/11/33 2874/86/33 2875/86/33
f 2876/40/33 2875/86/33 2874/86/33
f 2874/86/33 2873/11/33 2877/11/33
f 2876/40/33 2874/86/33 2878/40/33
f 2878/40/33 2879/87/33 2876/40/33
f 2879/87/33 2878/40/33 2880/87/33
f 2881/45/33 2877/11/33 2873/11/33
f 2877/11/33 2881/45/33 2882/45/33
f 2881/45/33 2883/12/33 2882/45/33
f 2881/45/33 2884/12/33 2883/12/33
f 2885/85/33 2883/12/33 2884/12/33
f 2883/12/33 2885/85/33 2886/85/33
f 2885/85/33 2887/84/33 2886/85/33
f 2885/85/33 2888/84/33 2887/84/33
f 2889/83/33 2887/84/33 2888/84/33
f 2887/84/33 2889/83/33 2890/83/33
f 2891/419/879 2892/49/880 2893/420/855
f 2892/49/880 2891/419/879 2894/49/75
f 2895/12/881 2896/84/882 2897/85/883
f 2898/45/883 2896/84/882 2895/12/881
f 2896/84/882 2898/45/883 2899/87/884
f 2898/45/883 2900/40/885 2899/87/884
f 2900/40/885 2898/45/883 2901/11/886
f 2900/40/885 2901/11/886 2902/86/887
f 2903/12/885 2904/49/885 2905/48/882
f 2904/49/885 2903/12/885 2906/11/885
f 2907/54/51 2908/8/51 2909/7/51
f 2908/8/51 2907/54/51 2910/75/51
f 2911/12/888 2912/84/889 2913/151/84
f 2911/12/888 2913/151/84 2914/10/84
f 2915/88/890 2914/10/84 2913/151/84
f 2914/10/84 2915/88/890 2916/7/891
f 2917/54/892 2918/8/892 2919/7/893
f 2918/8/892 2917/54/892 2920/75/894
f 2921/51/895 2922/1/42 2923/50/393
f 2922/1/42 2921/51/895 2924/3/42
f 2924/3/42 2925/49/395 2922/1/42
f 2925/49/395 2924/3/42 2926/48/896
f 2927/10/33 2928/11/399 2929/12/897
f 2927/10/33 2930/9/33 2928/11/399
f 2931/7/898 2930/9/33 2927/10/33
f 2930/9/33 2931/7/898 2932/8/898
f 2933/49/42 2934/51/42 2935/48/42
f 2934/51/42 2933/49/42 2936/50/42
f 2937/12/33 2938/7/33 2939/11/33
f 2939/11/33 2938/7/33 2940/8/33
f 2941/188/899 2942/87/900 2943/40/901
f 2942/87/900 2941/188/899 2944/189/902
f 2945/11/903 2946/191/904 2947/190/905
f 2946/191/904 2945/11/903 2948/45/904
f 2949/191/906 2950/45/907 2951/12/908
f 2951/12/908 2952/192/909 2949/191/906
f 2953/193/910 2954/83/911 2955/194/912
f 2954/83/911 2953/193/910 2956/84/913
f 2957/192/914 2958/12/915 2959/85/916
f 2959/85/916 2960/195/917 2957/192/914
f 2960/195/917 2959/85/916 2961/84/918
f 2961/84/918 2962/193/910 2960/195/917
f 2963/40/919 2964/196/920 2965/188/921
f 2964/196/920 2963/40/919 2966/86/922
f 2966/86/922 2967/190/923 2964/196/920
f 2967/190/923 2966/86/922 2968/11/924
f 2969/38/925 2970/40/926 2971/8/926
f 2971/8/926 2970/40/926 2972/11/925
f 2973/84/927 2974/88/928 2975/12/928
f 2975/12/928 2974/88/928 2976/7/929
f 2977/9/82 2978/36/82 2979/40/930
f 2977/9/82 2979/40/930 2980/11/930
f 2977/9/82 2981/38/389 2978/36/82
f 2981/38/389 2977/9/82 2982/8/388
f 2983/190/931 2984/196/932 2985/196/933
f 2984/196/932 2983/190/931 2986/190/934
f 2987/188/935 2985/196/933 2984/196/932
f 2983/190/931 2988/191/936 2986/190/934
f 2985/196/933 2987/188/935 2989/188/937
f 2987/188/935 2990/189/938 2989/188/937
f 2987/188/935 2991/189/938 2990/189/938
f 2992/191/936 2988/191/936 2983/190/931
f 2993/192/939 2988/191/936 2992/191/936
f 2988/191/936 2993/192/939 2994/192/940
f 2994/192/940 2993/192/939 2995/195/941
f 2995/195/941 2993/192/939 2996/195/942
f 2995/195/941 2996/195/942 2997/193/943
f 2997/193/943 2996/195/942 2998/193/944
f 2999/194/945 2997/193/943 2998/193/944
f 2997/193/943 2999/194/945 3000/194/945
f 3001/189/946 3002/188/947 3003/188/948
f 3002/188/947 3001/189/946 3004/189/946
f 3002/188/947 3005/196/949 3003/188/948
f 3002/188/947 3006/196/949 3005/196/949
f 3007/190/950 3005/196/949 3006/196/949
f 3005/196/949 3007/190/950 3008/190/951
f 3009/191/952 3008/190/951 3007/190/950
f 3008/190/951 3009/191/952 3010/191/952
f 3011/192/953 3010/191/952 3009/191/952
f 3011/192/953 3009/191/952 3012/192/954
f 3012/192/954 3013/195/955 3011/192/953
f 3013/195/955 3012/192/954 3014/195/956
f 3015/193/957 3013/195/955 3014/195/956
f 3013/195/955 3015/193/957 3016/193/958
f 3017/194/959 3016/193/958 3015/193/957
f 3017/194/959 3015/193/957 3018/194/960
f 3019/12/61 3020/49/61 3021/48/61
f 3020/49/61 3019/12/61 3022/11/61
